,symbol,open,high,low,close,volume
2018-12-24,COINBASE:LTCUSD,32.98,33.05,29.66,30.77,307.9888
2018-12-25,COINBASE:LTCUSD,30.76,31.89,28.87,30.52,264.1488
2018-12-26,COINBASE:LTCUSD,30.52,31.09,27.48,27.72,229.1228
2018-12-27,COINBASE:LTCUSD,27.72,33.53,27.72,32.22,321.602
2018-12-28,COINBASE:LTCUSD,32.21,33.24,30.3,30.63,217.2441
2018-12-29,COINBASE:LTCUSD,30.62,31.95,29.95,31.56,159.5426
2018-12-30,COINBASE:LTCUSD,31.56,31.62,29.42,29.78,180.0877
2018-12-31,COINBASE:LTCUSD,29.78,31.96,29.11,31.68,163.8412
2019-01-01,COINBASE:LTCUSD,31.68,33.64,31.33,32.94,149.3536
2019-01-02,COINBASE:LTCUSD,32.93,33.1,31.0,31.6,116.3861
2019-01-03,COINBASE:LTCUSD,31.6,32.64,31.01,32.02,140.5209
2019-01-04,COINBASE:LTCUSD,32.02,36.11,32.01,34.48,352.631
2019-01-05,COINBASE:LTCUSD,34.48,40.12,34.06,38.88,459.2495
2019-01-06,COINBASE:LTCUSD,38.88,39.48,37.21,37.71,239.6806
2019-01-07,COINBASE:LTCUSD,37.66,41.27,37.52,39.13,370.5474
2019-01-08,COINBASE:LTCUSD,39.13,40.03,38.31,38.58,168.0607
2019-01-09,COINBASE:LTCUSD,38.58,39.25,31.91,33.27,468.5089
2019-01-10,COINBASE:LTCUSD,33.27,33.71,30.43,31.79,254.5596
2019-01-11,COINBASE:LTCUSD,31.78,32.61,31.5,32.04,112.8505
2019-01-12,COINBASE:LTCUSD,32.04,32.88,29.51,29.92,254.4412
2019-01-13,COINBASE:LTCUSD,29.91,32.96,29.8,32.07,186.9379
2019-01-14,COINBASE:LTCUSD,32.08,32.48,30.11,30.99,181.1715
2019-01-15,COINBASE:LTCUSD,30.99,32.15,30.69,31.4,103.4548
2019-01-16,COINBASE:LTCUSD,31.43,31.73,29.98,31.62,164.2257
2019-01-17,COINBASE:LTCUSD,31.62,31.7,30.55,30.96,81.9345
2019-01-18,COINBASE:LTCUSD,30.95,33.15,30.95,32.22,115.5301
2019-01-19,COINBASE:LTCUSD,32.22,33.08,30.2,30.61,162.1115
2019-01-20,COINBASE:LTCUSD,30.61,31.37,30.38,30.82,87.7935
2019-01-21,COINBASE:LTCUSD,30.83,32.01,29.41,31.48,179.7211
2019-01-22,COINBASE:LTCUSD,31.47,32.2,31.31,31.6,99.8199
2019-01-23,COINBASE:LTCUSD,31.6,33.13,31.08,32.47,139.318
2019-01-24,COINBASE:LTCUSD,32.47,32.95,31.84,32.73,147.9889
2019-01-25,COINBASE:LTCUSD,32.73,34.0,32.51,32.64,146.0893
2019-01-26,COINBASE:LTCUSD,32.63,32.9,31.06,32.02,101.4854
2019-01-27,COINBASE:LTCUSD,32.02,32.27,29.81,30.96,198.307
2019-01-28,COINBASE:LTCUSD,30.97,31.21,29.86,30.69,89.3503
2019-01-29,COINBASE:LTCUSD,30.69,31.75,30.42,31.53,112.8741
2019-01-30,COINBASE:LTCUSD,31.53,32.22,30.82,31.24,98.6598
2019-01-31,COINBASE:LTCUSD,31.25,33.21,30.57,32.37,190.7251
2019-02-01,COINBASE:LTCUSD,32.34,34.66,32.19,34.18,153.2144
2019-02-02,COINBASE:LTCUSD,34.18,34.58,32.47,32.87,186.8165
2019-02-03,COINBASE:LTCUSD,32.88,34.15,32.87,33.64,116.896
2019-02-04,COINBASE:LTCUSD,33.65,34.15,33.26,33.95,92.0039
2019-02-05,COINBASE:LTCUSD,33.95,34.1,31.95,32.47,166.0976
2019-02-06,COINBASE:LTCUSD,32.48,33.19,32.41,32.85,74.7609
2019-02-07,COINBASE:LTCUSD,32.85,44.48,32.52,42.56,832.0386
2019-02-08,COINBASE:LTCUSD,42.55,46.01,41.75,44.2,386.2214
2019-02-09,COINBASE:LTCUSD,44.21,47.0,41.72,46.51,335.3475
2019-02-10,COINBASE:LTCUSD,46.53,46.55,41.11,42.37,314.0897
2019-02-11,COINBASE:LTCUSD,42.38,44.06,41.4,43.35,188.0358
2019-02-12,COINBASE:LTCUSD,43.42,44.5,40.24,41.21,215.0776
2019-02-13,COINBASE:LTCUSD,41.21,41.99,39.6,40.93,137.4485
2019-02-14,COINBASE:LTCUSD,40.94,44.2,40.81,42.08,191.6494
2019-02-15,COINBASE:LTCUSD,42.08,43.91,41.92,43.15,144.9897
2019-02-16,COINBASE:LTCUSD,43.15,44.44,42.06,43.45,190.4977
2019-02-17,COINBASE:LTCUSD,43.44,48.72,43.12,47.34,522.0098
2019-02-18,COINBASE:LTCUSD,47.34,48.8,46.49,46.91,281.0794
2019-02-19,COINBASE:LTCUSD,46.92,51.91,46.24,51.08,366.4475
2019-02-20,COINBASE:LTCUSD,51.05,51.27,47.52,48.46,234.936
2019-02-21,COINBASE:LTCUSD,48.47,49.47,47.83,49.07,164.044
2019-02-22,COINBASE:LTCUSD,49.07,51.73,48.02,51.19,244.4802
2019-02-23,COINBASE:LTCUSD,51.19,53.49,42.5,43.57,577.7051
2019-02-24,COINBASE:LTCUSD,43.57,46.89,43.2,45.37,269.3741
2019-02-25,COINBASE:LTCUSD,45.37,45.7,44.05,44.66,128.6901
2019-02-26,COINBASE:LTCUSD,44.64,45.31,42.4,44.96,204.5537
2019-02-27,COINBASE:LTCUSD,44.94,46.65,44.38,45.44,197.2005
2019-02-28,COINBASE:LTCUSD,45.43,48.7,45.26,46.81,211.1116
2019-03-01,COINBASE:LTCUSD,46.81,49.11,46.41,48.25,122.0811
2019-03-02,COINBASE:LTCUSD,48.26,48.73,46.78,47.49,93.5248
2019-03-03,COINBASE:LTCUSD,47.48,48.0,44.4,45.64,181.7876
2019-03-04,COINBASE:LTCUSD,45.65,53.98,45.33,52.3,407.2246
2019-03-05,COINBASE:LTCUSD,52.31,56.58,51.22,55.17,317.183
2019-03-06,COINBASE:LTCUSD,55.17,58.87,53.63,56.51,426.869
2019-03-07,COINBASE:LTCUSD,56.51,57.38,54.02,55.33,226.6159
2019-03-08,COINBASE:LTCUSD,55.31,59.0,55.12,57.43,243.541
2019-03-09,COINBASE:LTCUSD,57.44,57.45,55.77,56.3,130.0726
2019-03-10,COINBASE:LTCUSD,56.3,56.95,53.75,54.65,168.8978
2019-03-11,COINBASE:LTCUSD,54.66,56.7,52.15,56.2,229.1336
2019-03-12,COINBASE:LTCUSD,56.2,56.46,54.12,55.06,112.9375
2019-03-13,COINBASE:LTCUSD,55.05,57.74,53.11,55.61,155.766
2019-03-14,COINBASE:LTCUSD,55.61,58.58,55.6,58.13,163.1598
2019-03-15,COINBASE:LTCUSD,58.13,61.58,58.12,61.01,254.4861
2019-03-16,COINBASE:LTCUSD,61.01,61.02,59.38,60.29,90.4738
2019-03-17,COINBASE:LTCUSD,60.3,62.22,57.8,58.99,177.1339
2019-03-18,COINBASE:LTCUSD,59.0,59.67,58.07,59.29,120.3774
2019-03-19,COINBASE:LTCUSD,59.27,60.91,56.8,60.21,155.8484
2019-03-20,COINBASE:LTCUSD,60.21,60.4,57.2,58.41,151.4618
2019-03-21,COINBASE:LTCUSD,58.42,59.43,57.85,59.12,96.5778
2019-03-22,COINBASE:LTCUSD,59.13,61.0,58.94,60.43,96.0586
2019-03-23,COINBASE:LTCUSD,60.44,60.44,58.75,59.46,85.6738
2019-03-24,COINBASE:LTCUSD,59.46,60.25,57.82,58.66,124.6416
2019-03-25,COINBASE:LTCUSD,58.63,58.89,57.06,58.48,86.6741
2019-03-26,COINBASE:LTCUSD,58.42,61.5,58.3,61.26,168.381
2019-03-27,COINBASE:LTCUSD,61.26,61.26,60.03,60.26,59.8127
2019-03-28,COINBASE:LTCUSD,60.27,61.38,59.81,61.23,90.1625
2019-03-29,COINBASE:LTCUSD,61.27,61.37,59.71,60.25,100.741
2019-03-30,COINBASE:LTCUSD,60.25,60.48,59.76,60.35,47.4634
2019-03-31,COINBASE:LTCUSD,60.33,60.83,59.9,60.35,71.5598
2019-04-01,COINBASE:LTCUSD,60.36,79.38,60.17,77.5,750.9482
2019-04-02,COINBASE:LTCUSD,77.57,99.89,73.03,85.6,1466.9794
2019-04-03,COINBASE:LTCUSD,85.55,90.84,80.37,84.95,449.8116
2019-04-04,COINBASE:LTCUSD,84.93,90.4,84.13,88.88,258.34
2019-04-05,COINBASE:LTCUSD,88.88,97.88,85.31,92.37,391.3769
2019-04-06,COINBASE:LTCUSD,92.32,95.4,89.12,91.88,252.4008
2019-04-07,COINBASE:LTCUSD,91.9,94.36,86.58,89.49,276.3825
2019-04-08,COINBASE:LTCUSD,89.49,89.7,83.81,86.89,170.699
2019-04-09,COINBASE:LTCUSD,86.73,91.99,86.51,88.43,199.6223
2019-04-10,COINBASE:LTCUSD,88.43,88.9,75.33,79.23,347.5287
2019-04-11,COINBASE:LTCUSD,79.22,81.2,75.44,78.92,172.5557
2019-04-12,COINBASE:LTCUSD,78.91,81.63,76.35,77.9,121.5728
2019-04-13,COINBASE:LTCUSD,77.89,83.94,76.5,83.77,133.0124
2019-04-14,COINBASE:LTCUSD,83.77,84.73,74.95,78.24,262.8916
2019-04-15,COINBASE:LTCUSD,78.22,81.86,77.18,80.89,150.2965
2019-04-16,COINBASE:LTCUSD,80.82,82.18,78.52,79.15,108.2049
2019-04-17,COINBASE:LTCUSD,79.15,83.9,79.14,82.07,179.6939
2019-04-18,COINBASE:LTCUSD,82.08,83.73,80.02,82.57,133.7785
2019-04-19,COINBASE:LTCUSD,82.6,83.08,79.66,81.69,98.5836
2019-04-20,COINBASE:LTCUSD,81.61,82.4,73.54,77.23,210.5764
2019-04-21,COINBASE:LTCUSD,77.27,78.3,75.4,77.03,156.5067
2019-04-22,COINBASE:LTCUSD,76.98,79.77,73.87,74.32,202.8912
2019-04-23,COINBASE:LTCUSD,74.18,75.14,70.26,73.14,296.7992
2019-04-24,COINBASE:LTCUSD,73.15,74.73,68.88,70.67,201.3856
2019-04-25,COINBASE:LTCUSD,70.59,73.5,68.88,71.64,224.8314
2019-04-26,COINBASE:LTCUSD,71.68,71.83,70.19,70.55,72.4752
2019-04-27,COINBASE:LTCUSD,70.55,70.83,66.77,67.78,165.5265
2019-04-28,COINBASE:LTCUSD,67.74,68.36,64.86,66.55,126.4541
2019-04-29,COINBASE:LTCUSD,66.55,74.0,66.55,73.51,213.4351
2019-04-30,COINBASE:LTCUSD,73.52,74.9,71.0,72.52,148.796
2019-05-01,COINBASE:LTCUSD,72.51,73.4,71.36,72.16,82.0218
2019-05-02,COINBASE:LTCUSD,72.2,79.87,71.94,77.72,216.232
2019-05-03,COINBASE:LTCUSD,77.8,81.5,73.5,76.92,207.1686
2019-05-04,COINBASE:LTCUSD,77.0,77.33,74.4,74.79,85.7909
2019-05-05,COINBASE:LTCUSD,74.81,76.09,70.55,74.09,180.1309
2019-05-06,COINBASE:LTCUSD,74.1,77.9,72.6,73.33,236.5191
2019-05-07,COINBASE:LTCUSD,73.36,75.0,71.31,73.83,153.2445
2019-05-08,COINBASE:LTCUSD,73.85,75.59,72.2,73.76,177.0593
2019-05-09,COINBASE:LTCUSD,73.77,79.24,72.38,76.68,267.069
2019-05-10,COINBASE:LTCUSD,76.68,95.99,76.68,88.31,759.6032
2019-05-11,COINBASE:LTCUSD,88.3,94.3,83.0,84.79,677.6014
2019-05-12,COINBASE:LTCUSD,84.78,93.48,84.11,87.78,555.3129
2019-05-13,COINBASE:LTCUSD,87.78,94.44,85.61,91.69,529.9881
2019-05-14,COINBASE:LTCUSD,91.62,104.49,90.5,102.26,743.8547
2019-05-15,COINBASE:LTCUSD,102.25,107.6,90.81,95.75,803.5928
2019-05-16,COINBASE:LTCUSD,95.7,97.55,84.0,89.88,588.7298
2019-05-17,COINBASE:LTCUSD,89.88,90.61,85.2,86.65,172.7611
2019-05-18,COINBASE:LTCUSD,86.66,97.28,86.24,95.06,373.5152
2019-05-19,COINBASE:LTCUSD,95.03,95.09,87.34,91.69,281.7039
2019-05-20,COINBASE:LTCUSD,91.76,93.5,89.46,91.25,164.0624
2019-05-21,COINBASE:LTCUSD,91.25,92.58,85.65,87.72,259.2918
2019-05-22,COINBASE:LTCUSD,87.65,89.87,84.75,88.95,170.5149
2019-05-23,COINBASE:LTCUSD,88.99,103.9,88.21,100.5,576.3616
2019-05-24,COINBASE:LTCUSD,100.66,104.95,98.8,103.02,288.4364
2019-05-25,COINBASE:LTCUSD,103.11,114.5,99.0,112.56,410.0135
2019-05-26,COINBASE:LTCUSD,112.52,122.0,110.58,116.5,602.7784
2019-05-27,COINBASE:LTCUSD,116.5,118.21,111.58,114.95,298.1677
2019-05-28,COINBASE:LTCUSD,114.92,118.49,108.52,115.29,313.9175
2019-05-29,COINBASE:LTCUSD,115.26,121.0,101.7,107.95,605.1675
2019-05-30,COINBASE:LTCUSD,108.02,114.8,104.47,114.47,262.1014
2019-05-31,COINBASE:LTCUSD,114.45,116.11,111.0,112.48,222.6719
2019-06-01,COINBASE:LTCUSD,112.52,116.65,111.9,114.55,161.0445
2019-06-02,COINBASE:LTCUSD,114.68,116.11,104.59,105.87,315.7669
2019-06-03,COINBASE:LTCUSD,105.75,106.34,97.05,102.14,527.951
2019-06-04,COINBASE:LTCUSD,102.13,106.0,100.0,103.79,247.031
2019-06-05,COINBASE:LTCUSD,103.84,112.33,101.05,111.47,305.3636
2019-06-06,COINBASE:LTCUSD,111.5,121.57,109.9,117.07,483.3249
2019-06-07,COINBASE:LTCUSD,117.07,120.0,114.0,118.5,255.2711
2019-06-08,COINBASE:LTCUSD,118.5,119.3,111.09,114.83,280.3861
2019-06-09,COINBASE:LTCUSD,114.82,130.78,112.66,129.76,596.2646
2019-06-10,COINBASE:LTCUSD,129.59,138.99,125.34,136.2,588.4565
2019-06-11,COINBASE:LTCUSD,136.2,144.34,130.45,136.19,652.4742
2019-06-12,COINBASE:LTCUSD,136.2,136.99,128.0,130.89,381.6725
2019-06-13,COINBASE:LTCUSD,130.78,133.23,125.6,132.56,344.1719
2019-06-14,COINBASE:LTCUSD,132.57,140.0,132.57,138.35,275.6942
2019-06-15,COINBASE:LTCUSD,138.46,139.14,133.07,137.0,270.1799
2019-06-16,COINBASE:LTCUSD,137.0,137.4,132.05,134.21,224.2913
2019-06-17,COINBASE:LTCUSD,134.2,136.98,128.91,135.1,245.9475
2019-06-18,COINBASE:LTCUSD,135.1,139.66,133.57,136.81,244.0737
2019-06-19,COINBASE:LTCUSD,136.67,137.15,133.37,135.75,157.3533
2019-06-20,COINBASE:LTCUSD,135.84,141.53,135.35,139.04,342.0262
2019-06-21,COINBASE:LTCUSD,139.23,146.0,137.56,141.46,550.8294
2019-06-22,COINBASE:LTCUSD,141.38,142.2,135.2,136.66,236.5535
2019-06-23,COINBASE:LTCUSD,136.65,136.66,132.13,135.26,218.1065
2019-06-24,COINBASE:LTCUSD,135.37,138.33,129.0,135.55,280.0935
2019-06-25,COINBASE:LTCUSD,135.52,138.21,122.46,130.64,711.1692
2019-06-26,COINBASE:LTCUSD,130.64,132.11,109.09,114.16,824.0681
2019-06-27,COINBASE:LTCUSD,114.14,121.8,112.35,119.47,345.8205
2019-06-28,COINBASE:LTCUSD,119.39,136.5,115.0,133.21,540.2525
2019-06-29,COINBASE:LTCUSD,133.26,136.81,119.3,122.06,486.6394
2019-06-30,COINBASE:LTCUSD,122.03,126.52,113.13,122.54,404.52
2019-07-01,COINBASE:LTCUSD,122.59,123.41,111.2,118.59,378.9494
2019-07-02,COINBASE:LTCUSD,118.59,123.16,117.22,121.78,182.5392
2019-07-03,COINBASE:LTCUSD,121.78,127.37,118.59,119.59,252.4429
2019-07-04,COINBASE:LTCUSD,119.48,120.85,116.56,118.54,170.1189
2019-07-05,COINBASE:LTCUSD,118.46,122.29,117.3,118.25,133.5889
2019-07-06,COINBASE:LTCUSD,118.16,121.39,117.0,120.18,125.0567
2019-07-07,COINBASE:LTCUSD,120.26,125.67,118.01,123.5,194.8499
2019-07-08,COINBASE:LTCUSD,123.42,124.2,117.88,119.51,222.1923
2019-07-09,COINBASE:LTCUSD,119.45,120.5,102.5,108.28,470.3401
2019-07-10,COINBASE:LTCUSD,108.31,108.31,95.25,102.94,565.9589
2019-07-11,COINBASE:LTCUSD,103.02,107.0,100.59,105.16,260.2234
2019-07-12,COINBASE:LTCUSD,105.23,105.51,97.5,101.15,240.5765
2019-07-13,COINBASE:LTCUSD,101.19,101.91,88.0,89.72,491.8984
2019-07-14,COINBASE:LTCUSD,89.72,93.0,84.88,90.5,440.0323
2019-07-15,COINBASE:LTCUSD,90.54,91.89,76.63,79.68,568.8829
2019-07-16,COINBASE:LTCUSD,79.73,95.0,76.8,90.25,715.3091
2019-07-17,COINBASE:LTCUSD,90.24,105.0,87.01,101.4,668.519
2019-07-18,COINBASE:LTCUSD,101.4,101.67,94.97,98.75,280.6289
2019-07-19,COINBASE:LTCUSD,98.65,106.04,97.53,100.48,290.3702
2019-07-20,COINBASE:LTCUSD,100.46,101.86,96.48,99.76,183.3577
2019-07-21,COINBASE:LTCUSD,99.77,100.88,90.91,95.12,285.8134
2019-07-22,COINBASE:LTCUSD,95.12,95.12,88.23,90.02,282.6143
2019-07-23,COINBASE:LTCUSD,90.02,97.36,86.11,94.45,347.1522
2019-07-24,COINBASE:LTCUSD,94.4,96.85,91.12,93.29,189.6316
2019-07-25,COINBASE:LTCUSD,93.3,94.65,90.18,94.33,129.6156
2019-07-26,COINBASE:LTCUSD,94.28,96.53,86.57,88.87,241.1758
2019-07-27,COINBASE:LTCUSD,88.84,91.08,83.27,90.02,178.2509
2019-07-28,COINBASE:LTCUSD,90.11,92.44,87.25,90.24,163.2209
2019-07-29,COINBASE:LTCUSD,90.26,92.73,88.43,90.33,92.346
2019-07-30,COINBASE:LTCUSD,90.33,100.0,90.01,98.89,256.6896
2019-07-31,COINBASE:LTCUSD,98.92,101.54,95.76,98.89,188.7735
2019-08-01,COINBASE:LTCUSD,98.88,98.98,92.22,94.83,198.0609
2019-08-02,COINBASE:LTCUSD,94.88,96.79,93.6,94.2,131.1322
2019-08-03,COINBASE:LTCUSD,94.25,94.79,90.52,92.95,149.8227
2019-08-04,COINBASE:LTCUSD,92.98,107.04,92.98,96.39,441.4786
2019-08-05,COINBASE:LTCUSD,96.4,99.28,90.9,92.88,222.0337
2019-08-06,COINBASE:LTCUSD,92.86,94.46,87.19,90.5,257.9388
2019-08-07,COINBASE:LTCUSD,90.5,92.82,87.69,90.0,161.4303
2019-08-08,COINBASE:LTCUSD,90.0,90.32,82.5,84.32,201.6879
2019-08-09,COINBASE:LTCUSD,84.28,87.33,81.84,85.17,188.5777
2019-08-10,COINBASE:LTCUSD,85.16,91.35,85.15,89.78,143.541
2019-08-11,COINBASE:LTCUSD,89.81,89.93,85.33,85.78,118.0358
2019-08-12,COINBASE:LTCUSD,85.78,86.54,83.0,84.53,138.641
2019-08-13,COINBASE:LTCUSD,84.49,86.07,74.0,75.81,309.2582
2019-08-14,COINBASE:LTCUSD,75.77,77.89,70.66,76.25,289.8257
2019-08-15,COINBASE:LTCUSD,76.25,76.39,72.25,74.76,192.2464
2019-08-16,COINBASE:LTCUSD,74.76,75.44,71.63,72.71,101.5017
2019-08-17,COINBASE:LTCUSD,72.71,78.18,71.35,76.34,164.6899
2019-08-18,COINBASE:LTCUSD,76.29,79.06,75.54,77.16,150.8281
2019-08-19,COINBASE:LTCUSD,77.17,77.24,73.18,75.11,112.3054
2019-08-20,COINBASE:LTCUSD,75.11,75.35,70.0,73.19,178.2482
2019-08-21,COINBASE:LTCUSD,73.2,74.85,70.9,73.39,150.6595
2019-08-22,COINBASE:LTCUSD,73.32,76.1,72.5,75.48,105.2351
2019-08-23,COINBASE:LTCUSD,75.48,75.6,71.59,73.4,91.229
2019-08-24,COINBASE:LTCUSD,73.43,74.88,70.66,72.15,98.2253
2019-08-25,COINBASE:LTCUSD,72.13,75.55,72.13,73.38,130.4761
2019-08-26,COINBASE:LTCUSD,73.41,73.61,71.91,72.75,86.5234
2019-08-27,COINBASE:LTCUSD,72.7,72.99,64.21,66.79,270.2189
2019-08-28,COINBASE:LTCUSD,66.81,66.81,62.05,63.46,187.4378
2019-08-29,COINBASE:LTCUSD,63.5,65.57,62.07,64.21,128.5118
2019-08-30,COINBASE:LTCUSD,64.18,65.33,62.39,64.35,84.687
2019-08-31,COINBASE:LTCUSD,64.33,67.37,64.0,66.1,101.6072
2019-09-01,COINBASE:LTCUSD,66.11,68.21,65.08,67.2,123.4059
2019-09-02,COINBASE:LTCUSD,67.2,71.0,66.63,69.12,142.3733
2019-09-03,COINBASE:LTCUSD,69.17,69.36,66.55,67.13,108.1313
2019-09-04,COINBASE:LTCUSD,67.13,67.46,64.23,65.27,86.3438
2019-09-05,COINBASE:LTCUSD,65.26,68.24,63.87,64.98,139.9514
2019-09-06,COINBASE:LTCUSD,64.91,70.58,64.64,68.87,128.1527
2019-09-07,COINBASE:LTCUSD,68.9,72.25,68.01,70.56,129.6279
2019-09-08,COINBASE:LTCUSD,70.45,71.47,67.8,69.93,98.8883
2019-09-09,COINBASE:LTCUSD,69.92,73.24,69.62,70.75,155.6329
2019-09-10,COINBASE:LTCUSD,70.72,71.7,68.21,69.81,78.3105
2019-09-11,COINBASE:LTCUSD,69.84,70.0,68.29,69.28,61.9113
2019-09-12,COINBASE:LTCUSD,69.2,69.69,67.1,69.09,70.2659
2019-09-13,COINBASE:LTCUSD,69.1,71.45,68.3,70.62,69.011
2019-09-14,COINBASE:LTCUSD,70.64,71.47,69.71,70.14,37.4903
2019-09-15,COINBASE:LTCUSD,70.14,73.81,69.45,72.76,121.649
2019-09-16,COINBASE:LTCUSD,72.74,77.66,72.18,74.13,186.7331
2019-09-17,COINBASE:LTCUSD,74.16,80.26,74.09,77.75,250.1004
2019-09-18,COINBASE:LTCUSD,77.78,77.78,72.58,76.82,231.8136
2019-09-19,COINBASE:LTCUSD,76.83,77.2,72.91,75.1,132.7047
2019-09-20,COINBASE:LTCUSD,75.07,75.5,72.04,73.18,70.5736
2019-09-21,COINBASE:LTCUSD,73.19,73.25,71.02,72.26,64.9927
2019-09-22,COINBASE:LTCUSD,72.25,74.12,61.75,66.47,225.0794
2019-09-23,COINBASE:LTCUSD,66.47,67.37,55.2,55.5,473.9328
2019-09-24,COINBASE:LTCUSD,55.49,58.61,53.06,57.53,312.9238
2019-09-25,COINBASE:LTCUSD,57.53,57.63,50.25,55.21,338.0126
2019-09-26,COINBASE:LTCUSD,55.2,56.9,52.61,56.05,152.4648
2019-09-27,COINBASE:LTCUSD,56.05,56.49,53.86,55.53,105.8817
2019-09-28,COINBASE:LTCUSD,55.53,55.66,52.18,53.91,93.8792
2019-09-29,COINBASE:LTCUSD,53.9,56.45,52.51,56.09,143.2909
2019-09-30,COINBASE:LTCUSD,56.09,57.75,54.87,55.8,142.133
2019-10-01,COINBASE:LTCUSD,55.83,56.71,55.26,56.43,67.4945
2019-10-02,COINBASE:LTCUSD,56.43,57.05,53.62,56.44,128.3541
2019-10-03,COINBASE:LTCUSD,56.62,57.5,55.24,56.51,97.9844
2019-10-04,COINBASE:LTCUSD,56.46,57.45,55.68,56.85,77.3262
2019-10-05,COINBASE:LTCUSD,56.85,56.96,53.03,54.48,97.4456
2019-10-06,COINBASE:LTCUSD,54.49,58.7,53.25,57.56,141.4339
2019-10-07,COINBASE:LTCUSD,57.56,58.5,56.55,57.0,74.6096
2019-10-08,COINBASE:LTCUSD,56.99,60.13,56.6,59.26,124.5583
2019-10-09,COINBASE:LTCUSD,59.29,59.49,57.14,57.77,78.4867
2019-10-10,COINBASE:LTCUSD,57.76,58.64,55.44,55.94,123.9501
2019-10-11,COINBASE:LTCUSD,55.97,56.57,55.53,55.77,51.2414
2019-10-12,COINBASE:LTCUSD,55.79,57.82,55.55,56.48,63.7586
2019-10-13,COINBASE:LTCUSD,56.47,57.34,56.04,56.87,54.5179
2019-10-14,COINBASE:LTCUSD,56.88,57.42,53.45,54.56,124.7973
2019-10-15,COINBASE:LTCUSD,54.56,55.36,51.13,52.51,138.566
2019-10-16,COINBASE:LTCUSD,52.51,55.2,51.54,54.95,92.8327
2019-10-17,COINBASE:LTCUSD,54.97,55.0,52.12,53.31,70.1541
2019-10-18,COINBASE:LTCUSD,53.31,54.14,52.58,53.81,52.7054
2019-10-19,COINBASE:LTCUSD,53.85,55.59,52.64,54.96,74.7042
2019-10-20,COINBASE:LTCUSD,54.96,55.78,53.75,54.72,85.3832
2019-10-21,COINBASE:LTCUSD,54.7,55.15,53.02,53.42,67.0715
2019-10-22,COINBASE:LTCUSD,53.4,53.45,47.22,49.54,245.3255
2019-10-23,COINBASE:LTCUSD,49.51,50.36,48.4,49.66,130.2517
2019-10-24,COINBASE:LTCUSD,49.68,58.89,49.05,56.95,371.9643
2019-10-25,COINBASE:LTCUSD,56.97,64.4,54.14,56.88,452.2978
2019-10-26,COINBASE:LTCUSD,56.89,62.96,55.77,59.91,278.066
2019-10-27,COINBASE:LTCUSD,59.91,62.71,57.64,57.83,215.038
2019-10-28,COINBASE:LTCUSD,57.84,61.05,57.79,59.84,150.4628
2019-10-29,COINBASE:LTCUSD,59.85,61.19,56.82,57.96,130.9179
2019-10-30,COINBASE:LTCUSD,58.04,59.84,57.06,58.37,113.4067
2019-10-31,COINBASE:LTCUSD,58.39,59.0,56.66,58.34,94.1666
2019-11-01,COINBASE:LTCUSD,58.35,59.32,57.86,58.38,60.882
2019-11-02,COINBASE:LTCUSD,58.38,58.8,57.29,58.34,52.6497
2019-11-03,COINBASE:LTCUSD,58.36,62.85,57.96,61.41,163.7594
2019-11-04,COINBASE:LTCUSD,61.41,64.2,60.79,63.16,154.0985
2019-11-05,COINBASE:LTCUSD,63.18,64.31,62.59,64.16,117.4374
2019-11-06,COINBASE:LTCUSD,64.15,64.32,60.16,61.37,138.3834
2019-11-07,COINBASE:LTCUSD,61.37,62.43,58.68,60.4,206.5433
2019-11-08,COINBASE:LTCUSD,60.3,62.33,60.1,62.04,82.336
2019-11-09,COINBASE:LTCUSD,62.08,66.19,61.02,63.66,211.1448
2019-11-10,COINBASE:LTCUSD,63.66,64.27,60.29,61.74,113.5284
2019-11-11,COINBASE:LTCUSD,61.74,62.23,59.6,61.4,94.9559
2019-11-12,COINBASE:LTCUSD,61.41,61.93,60.12,60.84,55.3676
2019-11-13,COINBASE:LTCUSD,60.85,60.98,58.26,58.91,85.6332
2019-11-14,COINBASE:LTCUSD,58.92,60.68,56.09,57.53,168.6165
2019-11-15,COINBASE:LTCUSD,57.52,58.91,57.06,58.21,74.8636
2019-11-16,COINBASE:LTCUSD,58.2,60.04,57.57,59.2,68.86
2019-11-17,COINBASE:LTCUSD,59.2,59.3,53.89,55.72,150.878
2019-11-18,COINBASE:LTCUSD,55.72,56.16,54.1,55.06,98.1798
2019-11-19,COINBASE:LTCUSD,55.07,56.12,54.54,54.87,79.9501
2019-11-20,COINBASE:LTCUSD,54.87,55.18,48.17,50.6,270.8582
2019-11-21,COINBASE:LTCUSD,50.59,51.67,43.55,47.4,431.9384
2019-11-22,COINBASE:LTCUSD,47.44,48.65,46.33,48.22,145.2441
2019-11-23,COINBASE:LTCUSD,48.25,48.34,43.58,43.95,170.4095
2019-11-24,COINBASE:LTCUSD,43.94,47.51,42.16,45.54,325.2538
2019-11-25,COINBASE:LTCUSD,45.56,47.64,45.28,46.99,136.7159
2019-11-26,COINBASE:LTCUSD,46.99,48.81,44.58,47.8,179.3972
2019-11-27,COINBASE:LTCUSD,47.8,48.12,46.26,46.91,82.2391
2019-11-28,COINBASE:LTCUSD,46.86,49.36,46.84,48.68,106.7285
2019-11-29,COINBASE:LTCUSD,48.65,48.83,46.71,47.26,58.4835
2019-11-30,COINBASE:LTCUSD,47.24,48.44,45.51,47.5,79.2503
2019-12-01,COINBASE:LTCUSD,47.5,47.64,44.66,45.57,113.0034
2019-12-02,COINBASE:LTCUSD,45.55,46.31,44.27,44.8,79.8671
2019-12-03,COINBASE:LTCUSD,44.85,47.17,43.71,44.69,161.2459
2019-12-04,COINBASE:LTCUSD,44.7,45.22,43.72,44.84,93.6356
2019-12-05,COINBASE:LTCUSD,44.85,45.66,44.09,45.36,70.8234
2019-12-06,COINBASE:LTCUSD,45.37,46.54,45.03,45.21,57.5524
2019-12-07,COINBASE:LTCUSD,45.21,46.32,44.92,45.6,56.7931
2019-12-08,COINBASE:LTCUSD,45.6,45.94,44.07,44.44,75.6199
2019-12-09,COINBASE:LTCUSD,44.44,44.59,43.6,44.1,53.3153
2019-12-10,COINBASE:LTCUSD,44.1,44.43,43.19,43.63,54.1597
2019-12-11,COINBASE:LTCUSD,43.62,44.07,42.7,43.6,60.0122
2019-12-12,COINBASE:LTCUSD,43.61,44.5,43.39,44.43,42.3262
2019-12-13,COINBASE:LTCUSD,44.43,44.64,43.2,43.24,34.3051
2019-12-14,COINBASE:LTCUSD,43.24,44.04,42.88,43.41,32.6946
2019-12-15,COINBASE:LTCUSD,43.43,43.51,38.98,39.9,169.1502
2019-12-16,COINBASE:LTCUSD,39.93,40.06,36.16,36.98,201.9006
2019-12-17,COINBASE:LTCUSD,36.97,41.65,35.88,40.77,217.0157
2019-12-18,COINBASE:LTCUSD,40.77,41.12,39.06,39.69,116.6564
2019-12-19,COINBASE:LTCUSD,39.7,40.32,39.3,40.13,75.2737
2019-12-20,COINBASE:LTCUSD,40.13,40.22,39.52,39.73,61.902
2019-12-21,COINBASE:LTCUSD,39.73,42.27,39.69,41.93,69.4352
2019-12-22,COINBASE:LTCUSD,41.92,42.69,40.23,40.61,93.3532
2019-12-23,COINBASE:LTCUSD,40.54,41.12,39.75,40.3,73.8479
2019-12-24,COINBASE:LTCUSD,40.33,40.39,39.36,40.08,34.6217
2019-12-25,COINBASE:LTCUSD,40.09,41.68,39.58,39.97,63.1133
2019-12-26,COINBASE:LTCUSD,39.97,41.42,39.58,40.93,78.9595
2019-12-27,COINBASE:LTCUSD,40.94,43.65,40.87,42.73,95.4755
2019-12-28,COINBASE:LTCUSD,42.7,43.73,42.06,43.07,72.0108
2019-12-29,COINBASE:LTCUSD,43.04,44.02,41.72,42.23,73.6353
2019-12-30,COINBASE:LTCUSD,42.18,43.0,40.82,41.1,109.5443
2019-12-31,COINBASE:LTCUSD,41.09,41.97,40.99,41.49,53.4941
2020-01-01,COINBASE:LTCUSD,41.49,41.56,38.74,39.32,88.4652
2020-01-02,COINBASE:LTCUSD,39.29,42.37,38.74,42.2,124.5792
2020-01-03,COINBASE:LTCUSD,42.2,42.81,41.74,42.73,54.828
2020-01-04,COINBASE:LTCUSD,42.7,44.51,42.58,43.28,79.7917
2020-01-05,COINBASE:LTCUSD,43.28,46.18,43.12,45.79,143.3326
2020-01-06,COINBASE:LTCUSD,45.81,46.89,44.48,46.36,213.5369
2020-01-07,COINBASE:LTCUSD,46.36,48.6,44.08,45.28,238.293
2020-01-08,COINBASE:LTCUSD,45.32,45.75,43.86,44.73,95.995
2020-01-09,COINBASE:LTCUSD,44.72,49.67,43.72,48.99,231.9563
2020-01-10,COINBASE:LTCUSD,49.01,52.03,47.72,49.36,178.9068
2020-01-11,COINBASE:LTCUSD,49.37,51.7,48.82,51.42,105.9065
2020-01-12,COINBASE:LTCUSD,51.41,51.63,48.85,49.58,112.0358
2020-01-13,COINBASE:LTCUSD,49.57,60.8,49.56,58.4,489.7266
2020-01-14,COINBASE:LTCUSD,58.4,60.25,55.24,58.12,251.4827
2020-01-15,COINBASE:LTCUSD,58.09,58.4,54.72,57.5,150.8596
2020-01-16,COINBASE:LTCUSD,57.53,63.17,56.7,60.86,298.2011
2020-01-17,COINBASE:LTCUSD,60.87,62.4,57.92,59.28,150.8223
2020-01-18,COINBASE:LTCUSD,59.24,62.5,55.33,57.57,178.5801
2020-01-19,COINBASE:LTCUSD,57.54,58.19,55.71,57.1,96.6369
2020-01-20,COINBASE:LTCUSD,57.12,57.98,55.76,57.49,86.0035
2020-01-21,COINBASE:LTCUSD,57.49,59.13,57.03,58.1,70.3382
2020-01-22,COINBASE:LTCUSD,58.11,58.2,52.1,54.42,178.1153
2020-01-23,COINBASE:LTCUSD,54.45,55.34,50.63,54.33,156.1626
2020-01-24,COINBASE:LTCUSD,54.33,54.33,52.2,53.22,73.5758
2020-01-25,COINBASE:LTCUSD,53.15,56.53,52.75,56.08,83.2478
2020-01-26,COINBASE:LTCUSD,56.09,59.53,55.79,58.44,154.3441
2020-01-27,COINBASE:LTCUSD,58.47,61.44,57.17,60.62,218.2362
2020-01-28,COINBASE:LTCUSD,60.62,62.4,59.32,59.62,215.6763
2020-01-29,COINBASE:LTCUSD,59.66,70.12,58.1,67.82,409.3536
2020-01-30,COINBASE:LTCUSD,67.84,69.8,65.22,67.96,262.1152
2020-01-31,COINBASE:LTCUSD,67.96,72.9,67.53,70.69,277.9938
2020-02-01,COINBASE:LTCUSD,70.69,73.33,67.64,69.82,242.6344
2020-02-02,COINBASE:LTCUSD,69.83,72.91,68.2,69.55,212.4274
2020-02-03,COINBASE:LTCUSD,69.59,70.46,66.51,67.84,152.4616
2020-02-04,COINBASE:LTCUSD,67.83,73.46,67.43,72.56,217.7347
2020-02-05,COINBASE:LTCUSD,72.59,75.0,70.92,73.45,220.3374
2020-02-06,COINBASE:LTCUSD,73.45,75.43,72.76,74.25,178.9191
2020-02-07,COINBASE:LTCUSD,74.28,77.92,71.53,76.67,227.0622
2020-02-08,COINBASE:LTCUSD,76.66,78.45,75.0,77.05,174.5071
2020-02-09,COINBASE:LTCUSD,77.09,77.5,72.5,73.98,170.79
2020-02-10,COINBASE:LTCUSD,74.0,77.55,72.46,76.81,197.5348
2020-02-11,COINBASE:LTCUSD,76.81,82.9,76.62,81.37,299.231
2020-02-12,COINBASE:LTCUSD,81.37,84.5,77.25,80.55,318.9109
2020-02-13,COINBASE:LTCUSD,80.59,83.96,78.6,83.31,189.5944
2020-02-14,COINBASE:LTCUSD,83.34,83.72,74.84,76.74,269.2287
2020-02-15,COINBASE:LTCUSD,76.76,80.8,67.28,74.7,345.7429
2020-02-16,COINBASE:LTCUSD,74.65,75.47,68.58,73.43,210.6222
2020-02-17,COINBASE:LTCUSD,73.43,79.17,70.22,77.4,197.9579
2020-02-18,COINBASE:LTCUSD,77.36,79.75,67.78,70.67,292.5311
2020-02-19,COINBASE:LTCUSD,70.6,72.4,66.0,69.55,241.3943
2020-02-20,COINBASE:LTCUSD,69.49,75.31,68.7,73.41,180.1497
2020-02-21,COINBASE:LTCUSD,73.42,76.83,72.45,74.88,145.7297
2020-02-22,COINBASE:LTCUSD,74.87,80.75,74.7,79.8,196.3013
2020-02-23,COINBASE:LTCUSD,79.79,80.04,71.8,75.55,236.0811
2020-02-24,COINBASE:LTCUSD,75.55,76.12,69.3,70.96,191.2683
2020-02-25,COINBASE:LTCUSD,70.92,72.16,57.52,60.42,484.8469
2020-02-26,COINBASE:LTCUSD,60.53,65.87,57.1,61.76,329.8382
2020-02-27,COINBASE:LTCUSD,61.77,63.4,56.35,59.99,255.6044
2020-02-28,COINBASE:LTCUSD,59.98,61.78,57.91,58.04,139.3402
2020-02-29,COINBASE:LTCUSD,58.07,60.27,56.05,57.63,161.6647
2020-03-01,COINBASE:LTCUSD,57.64,62.38,57.24,61.47,189.7866
2020-03-02,COINBASE:LTCUSD,61.47,62.44,59.29,61.0,158.8716
2020-03-03,COINBASE:LTCUSD,61.01,61.8,58.81,60.36,122.5739
2020-03-04,COINBASE:LTCUSD,60.39,63.38,60.36,62.12,155.9615
2020-03-05,COINBASE:LTCUSD,62.07,63.9,61.28,63.37,132.8336
2020-03-06,COINBASE:LTCUSD,63.36,63.98,59.98,60.57,123.6923
2020-03-07,COINBASE:LTCUSD,60.54,60.55,50.5,51.15,338.3697
2020-03-08,COINBASE:LTCUSD,51.11,52.51,46.61,50.53,404.4845
2020-03-09,COINBASE:LTCUSD,50.49,51.5,48.84,50.14,217.0319
2020-03-10,COINBASE:LTCUSD,50.22,50.72,45.44,48.54,190.3638
2020-03-11,COINBASE:LTCUSD,48.54,48.79,28.29,30.09,1295.4435
2020-03-12,COINBASE:LTCUSD,29.99,41.31,25.0,38.01,1759.678
2020-03-13,COINBASE:LTCUSD,38.01,38.25,33.81,34.43,389.166
2020-03-14,COINBASE:LTCUSD,34.41,39.0,33.95,36.24,372.3474
2020-03-15,COINBASE:LTCUSD,36.23,36.28,29.17,33.33,805.5337
2020-03-16,COINBASE:LTCUSD,33.37,36.05,32.58,34.17,468.7225
2020-03-17,COINBASE:LTCUSD,34.18,34.95,32.37,34.85,355.433
2020-03-18,COINBASE:LTCUSD,34.86,40.97,34.08,39.08,596.0636
2020-03-19,COINBASE:LTCUSD,39.08,43.97,34.13,38.09,683.2708
2020-03-20,COINBASE:LTCUSD,38.07,39.86,36.29,38.39,280.2107
2020-03-21,COINBASE:LTCUSD,38.39,39.71,34.85,35.45,331.0135
2020-03-22,COINBASE:LTCUSD,35.44,40.14,34.51,39.12,401.1534
2020-03-23,COINBASE:LTCUSD,39.11,41.05,38.39,40.7,269.332
2020-03-24,COINBASE:LTCUSD,40.71,41.21,38.24,39.25,246.5373
2020-03-25,COINBASE:LTCUSD,39.29,40.66,38.54,40.59,195.15
2020-03-26,COINBASE:LTCUSD,40.6,41.43,37.94,38.15,249.3117
2020-03-27,COINBASE:LTCUSD,38.17,39.51,36.57,38.91,267.0513
2020-03-28,COINBASE:LTCUSD,38.93,39.19,37.01,37.11,128.8645
2020-03-29,COINBASE:LTCUSD,37.1,39.79,37.1,38.99,153.321
2020-03-30,COINBASE:LTCUSD,38.99,39.41,38.38,39.15,90.3661
2020-03-31,COINBASE:LTCUSD,39.2,39.5,37.17,39.33,137.5713
2020-04-01,COINBASE:LTCUSD,39.33,43.0,39.01,39.97,253.5402
2020-04-02,COINBASE:LTCUSD,39.92,41.51,39.54,40.54,146.9171
2020-04-03,COINBASE:LTCUSD,40.49,41.23,39.95,40.85,116.1225
2020-04-04,COINBASE:LTCUSD,40.82,41.11,39.95,40.38,101.0912
2020-04-05,COINBASE:LTCUSD,40.37,45.15,40.37,45.12,306.1018
2020-04-06,COINBASE:LTCUSD,45.12,47.69,43.63,44.8,369.7654
2020-04-07,COINBASE:LTCUSD,44.77,47.25,44.27,46.58,215.2041
2020-04-08,COINBASE:LTCUSD,46.59,46.92,44.67,46.29,168.9112
2020-04-09,COINBASE:LTCUSD,46.29,46.45,40.93,42.36,310.0861
2020-04-10,COINBASE:LTCUSD,42.37,43.24,41.51,42.61,134.2212
2020-04-11,COINBASE:LTCUSD,42.6,43.75,41.9,42.04,157.0199
2020-04-12,COINBASE:LTCUSD,42.0,42.0,39.5,41.37,252.2579
2020-04-13,COINBASE:LTCUSD,41.37,41.96,40.52,41.22,121.2726
2020-04-14,COINBASE:LTCUSD,41.22,41.8,39.12,39.3,161.4349
2020-04-15,COINBASE:LTCUSD,39.3,43.75,38.0,42.6,344.2407
2020-04-16,COINBASE:LTCUSD,42.6,43.09,41.66,42.21,103.9656
2020-04-17,COINBASE:LTCUSD,42.26,44.51,42.08,44.2,154.5481
2020-04-18,COINBASE:LTCUSD,44.22,44.39,41.56,42.28,157.0632
2020-04-19,COINBASE:LTCUSD,42.3,43.33,39.53,40.27,208.215
2020-04-20,COINBASE:LTCUSD,40.26,41.4,40.15,40.7,137.2123
2020-04-21,COINBASE:LTCUSD,40.69,42.38,40.33,41.88,113.0642
2020-04-22,COINBASE:LTCUSD,41.87,43.97,41.03,43.0,220.0958
2020-04-23,COINBASE:LTCUSD,42.99,44.99,42.89,44.56,202.9139
2020-04-24,COINBASE:LTCUSD,44.55,45.6,43.9,44.41,162.9788
2020-04-25,COINBASE:LTCUSD,44.4,45.39,43.76,44.63,124.9596
2020-04-26,COINBASE:LTCUSD,44.64,45.28,43.19,44.53,156.8795
2020-04-27,COINBASE:LTCUSD,44.53,46.22,43.5,45.8,154.1063
2020-04-28,COINBASE:LTCUSD,45.79,50.19,45.65,48.85,433.9999
2020-04-29,COINBASE:LTCUSD,48.86,50.96,45.78,46.39,469.9494
2020-04-30,COINBASE:LTCUSD,46.39,48.36,46.36,47.11,145.4673
2020-05-01,COINBASE:LTCUSD,47.11,49.64,46.79,49.26,146.295
2020-05-02,COINBASE:LTCUSD,49.26,49.99,46.71,48.15,170.3611
2020-05-03,COINBASE:LTCUSD,48.16,48.27,45.26,47.07,205.7719
2020-05-04,COINBASE:LTCUSD,47.07,47.84,45.79,46.58,124.1177
2020-05-05,COINBASE:LTCUSD,46.62,47.64,44.47,45.06,172.2932
2020-05-06,COINBASE:LTCUSD,45.04,48.25,44.5,47.46,240.7533
2020-05-07,COINBASE:LTCUSD,47.43,48.5,46.4,47.74,237.1929
2020-05-08,COINBASE:LTCUSD,47.73,49.12,46.66,46.94,232.0977
2020-05-09,COINBASE:LTCUSD,46.95,47.0,39.98,42.15,484.1718
2020-05-10,COINBASE:LTCUSD,42.1,43.14,39.34,41.52,281.2923
2020-05-11,COINBASE:LTCUSD,41.5,42.87,41.31,42.23,143.9092
2020-05-12,COINBASE:LTCUSD,42.23,43.82,41.99,43.26,132.4475
2020-05-13,COINBASE:LTCUSD,43.27,44.42,42.28,44.02,162.1488
2020-05-14,COINBASE:LTCUSD,44.01,44.16,41.89,42.7,155.2288
2020-05-15,COINBASE:LTCUSD,42.7,43.88,42.5,43.27,88.0258
2020-05-16,COINBASE:LTCUSD,43.21,44.5,43.08,43.7,119.3679
2020-05-17,COINBASE:LTCUSD,43.66,47.5,43.64,45.32,353.2094
2020-05-18,COINBASE:LTCUSD,45.33,45.86,44.07,45.76,132.5368
2020-05-19,COINBASE:LTCUSD,45.77,46.2,42.94,44.21,180.9012
2020-05-20,COINBASE:LTCUSD,44.23,44.63,41.53,42.68,159.2708
2020-05-21,COINBASE:LTCUSD,42.69,44.68,42.32,44.22,128.2116
2020-05-22,COINBASE:LTCUSD,44.25,44.75,43.68,43.85,50.4383
2020-05-23,COINBASE:LTCUSD,43.86,44.56,42.04,42.06,98.2825
2020-05-24,COINBASE:LTCUSD,42.08,43.31,41.76,42.97,81.6782
2020-05-25,COINBASE:LTCUSD,42.97,43.07,41.79,42.29,74.6515
2020-05-26,COINBASE:LTCUSD,42.27,43.98,42.23,43.85,87.0282
2020-05-27,COINBASE:LTCUSD,43.86,44.875,43.15,44.755,85.6064
2020-05-28,COINBASE:LTCUSD,44.755,45.29,44.155,44.5,33.3053
2020-05-29,COINBASE:LTCUSD,44.5,48.07,44.12,47.75,216.8996
2020-05-30,COINBASE:LTCUSD,47.74,47.81,45.1,45.57,125.3106
2020-05-31,COINBASE:LTCUSD,45.54,48.96,45.34,48.27,200.9794
2020-06-01,COINBASE:LTCUSD,48.29,49.9,44.52,46.03,345.1672
2020-06-02,COINBASE:LTCUSD,46.04,47.44,45.28,47.13,138.6383
2020-06-03,COINBASE:LTCUSD,47.16,48.07,46.29,47.44,127.9703
2020-06-04,COINBASE:LTCUSD,47.45,47.96,46.45,46.76,88.1495
2020-06-05,COINBASE:LTCUSD,46.76,47.17,46.0,46.75,68.8956
2020-06-06,COINBASE:LTCUSD,46.75,47.0,45.1,46.64,98.6047
2020-06-07,COINBASE:LTCUSD,46.65,46.76,45.98,46.51,91.939
2020-06-08,COINBASE:LTCUSD,46.52,46.87,45.39,45.93,109.8439
2020-06-09,COINBASE:LTCUSD,45.89,47.15,45.64,46.71,138.9415
2020-06-10,COINBASE:LTCUSD,46.71,47.0,42.12,43.19,244.6864
2020-06-11,COINBASE:LTCUSD,43.18,45.35,42.78,44.7,128.0848
2020-06-12,COINBASE:LTCUSD,44.69,45.24,44.27,45.07,57.0377
2020-06-13,COINBASE:LTCUSD,45.08,45.08,43.54,43.99,64.9347
2020-06-14,COINBASE:LTCUSD,43.96,44.08,41.75,43.76,157.4754
2020-06-15,COINBASE:LTCUSD,43.77,44.21,43.32,43.86,82.0692
2020-06-16,COINBASE:LTCUSD,43.89,45.05,42.97,44.04,94.7707
2020-06-17,COINBASE:LTCUSD,44.05,44.18,42.81,43.4,78.431
2020-06-18,COINBASE:LTCUSD,43.39,43.66,42.54,42.77,70.8349
2020-06-19,COINBASE:LTCUSD,42.81,43.87,42.23,43.56,68.7151
2020-06-20,COINBASE:LTCUSD,43.61,43.82,42.82,42.96,30.2953
2020-06-21,COINBASE:LTCUSD,42.97,44.66,42.91,44.35,102.7047
2020-06-22,COINBASE:LTCUSD,44.35,44.46,43.88,44.16,65.9956
2020-06-23,COINBASE:LTCUSD,44.16,44.6,42.0,42.57,120.4323
2020-06-24,COINBASE:LTCUSD,42.57,42.96,41.61,42.31,98.7879
2020-06-25,COINBASE:LTCUSD,42.31,43.55,41.3,43.06,105.0975
2020-06-26,COINBASE:LTCUSD,43.07,43.07,39.18,41.04,139.8515
2020-06-27,COINBASE:LTCUSD,41.03,42.04,40.4,41.32,76.5502
2020-06-28,COINBASE:LTCUSD,41.34,42.24,40.57,41.87,138.4715
2020-06-29,COINBASE:LTCUSD,41.88,42.06,40.73,41.16,87.7257
2020-06-30,COINBASE:LTCUSD,41.15,42.02,40.96,41.8,90.0403
2020-07-01,COINBASE:LTCUSD,41.8,41.91,40.32,41.08,92.5909
2020-07-02,COINBASE:LTCUSD,41.07,41.69,40.9,41.17,59.8516
2020-07-03,COINBASE:LTCUSD,41.15,42.25,41.08,42.15,69.558
2020-07-04,COINBASE:LTCUSD,42.14,42.22,40.75,41.59,48.6021
2020-07-05,COINBASE:LTCUSD,41.59,44.28,41.53,44.03,123.3716
2020-07-06,COINBASE:LTCUSD,44.05,44.46,42.84,43.37,96.5888
2020-07-07,COINBASE:LTCUSD,43.39,45.63,43.11,45.4,194.1831
2020-07-08,COINBASE:LTCUSD,45.39,45.86,43.54,44.35,143.4441
2020-07-09,COINBASE:LTCUSD,44.33,44.55,43.44,44.32,59.561
2020-07-10,COINBASE:LTCUSD,44.33,44.75,43.88,44.74,54.3698
2020-07-11,COINBASE:LTCUSD,44.74,45.24,43.76,44.71,88.2987
2020-07-12,COINBASE:LTCUSD,44.76,45.55,42.62,43.88,197.3186
2020-07-13,COINBASE:LTCUSD,43.84,44.0,42.89,43.88,97.5248
2020-07-14,COINBASE:LTCUSD,43.87,44.0,42.84,43.3,94.2708
2020-07-15,COINBASE:LTCUSD,43.29,43.44,40.86,42.08,176.4555
2020-07-16,COINBASE:LTCUSD,42.07,42.46,41.67,41.89,70.4953
2020-07-17,COINBASE:LTCUSD,41.87,42.91,41.75,42.47,66.9468
2020-07-18,COINBASE:LTCUSD,42.45,42.92,41.88,42.65,45.0687
2020-07-19,COINBASE:LTCUSD,42.69,42.84,41.45,41.97,63.463
2020-07-20,COINBASE:LTCUSD,41.93,44.1,41.89,43.83,143.8368
2020-07-21,COINBASE:LTCUSD,43.78,45.17,43.22,45.02,103.0941
2020-07-22,COINBASE:LTCUSD,45.06,45.75,44.55,44.98,159.5551
2020-07-23,COINBASE:LTCUSD,44.96,45.02,44.0,44.16,83.9618
2020-07-24,COINBASE:LTCUSD,44.18,49.64,44.09,49.23,417.7797
2020-07-25,COINBASE:LTCUSD,49.23,50.79,47.64,48.14,250.1629
2020-07-26,COINBASE:LTCUSD,48.13,56.27,46.93,53.38,687.117
2020-07-27,COINBASE:LTCUSD,53.39,57.99,51.71,55.86,565.2186
2020-07-28,COINBASE:LTCUSD,55.86,56.99,54.77,55.2,256.965
2020-07-29,COINBASE:LTCUSD,55.2,59.14,53.92,56.82,311.1506
2020-07-30,COINBASE:LTCUSD,56.84,59.22,55.85,58.23,215.0411
2020-07-31,COINBASE:LTCUSD,58.21,62.36,57.64,61.72,393.364
2020-08-01,COINBASE:LTCUSD,61.72,65.31,52.7,56.77,643.1799
2020-08-02,COINBASE:LTCUSD,56.8,60.1,55.72,58.54,268.8013
2020-08-03,COINBASE:LTCUSD,58.55,59.6,56.33,57.65,183.7548
2020-08-04,COINBASE:LTCUSD,57.65,59.92,56.73,58.97,207.5768
2020-08-05,COINBASE:LTCUSD,58.94,60.78,57.78,59.08,206.9424
2020-08-06,COINBASE:LTCUSD,59.08,61.1,54.76,57.23,282.1092
2020-08-07,COINBASE:LTCUSD,57.25,58.61,56.51,58.46,119.0006
2020-08-08,COINBASE:LTCUSD,58.46,58.72,56.1,56.97,118.7093
2020-08-09,COINBASE:LTCUSD,57.01,59.49,56.57,58.28,187.9433
2020-08-10,COINBASE:LTCUSD,58.29,59.7,52.41,54.12,275.6187
2020-08-11,COINBASE:LTCUSD,54.1,55.09,51.61,54.55,186.8599
2020-08-12,COINBASE:LTCUSD,54.54,57.35,51.89,57.18,247.8775
2020-08-13,COINBASE:LTCUSD,57.22,57.92,55.92,56.85,223.9153
2020-08-14,COINBASE:LTCUSD,56.84,60.89,56.57,59.9,358.7401
2020-08-15,COINBASE:LTCUSD,59.91,64.64,57.64,63.91,432.5908
2020-08-16,COINBASE:LTCUSD,63.94,69.0,61.42,67.3,607.2308
2020-08-17,COINBASE:LTCUSD,67.29,68.5,63.3,65.4,459.6413
2020-08-18,COINBASE:LTCUSD,65.45,67.15,58.76,62.12,399.7626
2020-08-19,COINBASE:LTCUSD,62.13,63.71,61.03,62.8,212.6753
2020-08-20,COINBASE:LTCUSD,62.82,63.87,58.77,59.09,253.2938
2020-08-21,COINBASE:LTCUSD,59.09,60.54,57.75,60.28,150.1893
2020-08-22,COINBASE:LTCUSD,60.28,61.61,58.08,60.62,160.3075
2020-08-23,COINBASE:LTCUSD,60.61,62.99,60.03,62.04,143.6499
2020-08-24,COINBASE:LTCUSD,62.05,62.32,56.63,58.38,170.4472
2020-08-25,COINBASE:LTCUSD,58.35,59.13,57.0,58.09,121.8013
2020-08-26,COINBASE:LTCUSD,58.09,59.27,53.98,56.15,177.7295
2020-08-27,COINBASE:LTCUSD,56.16,58.25,55.34,57.43,99.2686
2020-08-28,COINBASE:LTCUSD,57.42,58.2,56.95,56.95,91.4878
2020-08-29,COINBASE:LTCUSD,56.94,62.94,56.94,62.9,205.8774
2020-08-30,COINBASE:LTCUSD,62.9,63.73,60.59,60.93,158.9624
2020-08-31,COINBASE:LTCUSD,60.93,64.38,59.77,62.71,243.5904
2020-09-01,COINBASE:LTCUSD,62.66,63.18,56.77,58.12,261.0219
2020-09-02,COINBASE:LTCUSD,58.12,58.69,45.14,50.07,405.8212
2020-09-03,COINBASE:LTCUSD,50.06,52.43,46.51,50.76,327.7437
2020-09-04,COINBASE:LTCUSD,50.76,51.07,45.14,47.83,334.3905
2020-09-05,COINBASE:LTCUSD,47.83,49.17,46.3,47.94,156.2309
2020-09-06,COINBASE:LTCUSD,47.89,49.16,45.31,48.88,181.5807
2020-09-07,COINBASE:LTCUSD,48.88,49.36,46.0,47.49,159.0746
2020-09-08,COINBASE:LTCUSD,47.47,48.86,46.55,47.86,118.6362
2020-09-09,COINBASE:LTCUSD,47.81,49.49,47.81,48.71,123.4167
2020-09-10,COINBASE:LTCUSD,48.74,49.4,47.44,48.98,106.0447
2020-09-11,COINBASE:LTCUSD,48.99,51.31,48.4,50.85,123.4274
2020-09-12,COINBASE:LTCUSD,50.85,51.05,47.31,48.18,135.2209
2020-09-13,COINBASE:LTCUSD,48.19,49.66,47.15,49.1,221.4441
2020-09-14,COINBASE:LTCUSD,49.08,50.33,48.14,48.3,139.8305
2020-09-15,COINBASE:LTCUSD,48.32,48.76,47.0,47.74,117.955
2020-09-16,COINBASE:LTCUSD,47.73,49.62,47.65,48.88,95.1762
2020-09-17,COINBASE:LTCUSD,48.88,49.11,47.5,48.55,102.5839
2020-09-18,COINBASE:LTCUSD,48.55,48.99,47.98,48.48,56.1948
2020-09-19,COINBASE:LTCUSD,48.49,48.52,46.2,47.09,93.6325
2020-09-20,COINBASE:LTCUSD,47.1,47.68,41.64,43.13,227.7277
2020-09-21,COINBASE:LTCUSD,43.15,44.82,42.77,44.49,118.7438
2020-09-22,COINBASE:LTCUSD,44.49,45.12,42.24,42.95,96.8887
2020-09-23,COINBASE:LTCUSD,42.97,45.23,42.59,44.94,85.9559
2020-09-24,COINBASE:LTCUSD,44.94,46.55,44.0,46.04,120.5496
2020-09-25,COINBASE:LTCUSD,46.04,46.56,45.15,46.06,76.5164
2020-09-26,COINBASE:LTCUSD,46.08,46.63,44.6,46.07,70.3818
2020-09-27,COINBASE:LTCUSD,46.1,47.13,44.8,45.21,118.6103
2020-09-28,COINBASE:LTCUSD,45.2,45.82,44.95,45.69,62.481
2020-09-29,COINBASE:LTCUSD,45.67,46.69,45.43,46.32,64.9658
2020-09-30,COINBASE:LTCUSD,46.33,48.49,45.28,46.16,193.1212
2020-10-01,COINBASE:LTCUSD,46.15,46.96,43.25,44.94,138.5229
2020-10-02,COINBASE:LTCUSD,44.9,46.0,44.77,45.56,60.7662
2020-10-03,COINBASE:LTCUSD,45.59,47.07,45.31,46.7,63.2791
2020-10-04,COINBASE:LTCUSD,46.71,47.09,45.55,46.35,56.4821
2020-10-05,COINBASE:LTCUSD,46.35,48.22,45.55,46.0,134.792
2020-10-06,COINBASE:LTCUSD,45.95,46.92,45.03,46.58,85.6885
2020-10-07,COINBASE:LTCUSD,46.56,47.49,45.5,47.24,93.8835
2020-10-08,COINBASE:LTCUSD,47.25,48.22,46.61,47.82,81.7718
2020-10-09,COINBASE:LTCUSD,47.82,50.48,47.8,48.9,147.764
2020-10-10,COINBASE:LTCUSD,48.86,51.25,48.71,50.48,93.6145
2020-10-11,COINBASE:LTCUSD,50.47,51.55,49.29,50.61,158.1532
2020-10-12,COINBASE:LTCUSD,50.6,50.72,48.86,49.94,105.1554
2020-10-13,COINBASE:LTCUSD,49.96,51.04,49.29,49.84,76.5923
2020-10-14,COINBASE:LTCUSD,49.81,50.26,48.88,49.58,76.4193
2020-10-15,COINBASE:LTCUSD,49.55,49.9,45.64,47.63,169.3319
2020-10-16,COINBASE:LTCUSD,47.64,47.67,46.34,46.93,63.335
2020-10-17,COINBASE:LTCUSD,46.93,47.98,46.81,47.58,45.3218
2020-10-18,COINBASE:LTCUSD,47.58,48.48,46.6,48.01,77.2775
2020-10-19,COINBASE:LTCUSD,48.02,48.46,46.45,46.96,87.4881
2020-10-20,COINBASE:LTCUSD,46.95,55.19,46.9,53.13,475.2789
2020-10-21,COINBASE:LTCUSD,53.09,56.32,53.09,54.42,326.7564
2020-10-22,COINBASE:LTCUSD,54.42,57.04,53.16,55.46,254.9881
2020-10-23,COINBASE:LTCUSD,55.45,59.67,54.91,59.3,243.3286
2020-10-24,COINBASE:LTCUSD,59.24,59.99,56.56,58.85,218.1769
2020-10-25,COINBASE:LTCUSD,58.88,59.35,55.0,56.89,238.2594
2020-10-26,COINBASE:LTCUSD,56.83,59.1,56.51,58.14,172.357
2020-10-27,COINBASE:LTCUSD,57.81,60.9,54.71,55.84,257.0326
2020-10-28,COINBASE:LTCUSD,55.84,56.55,53.44,54.94,188.0629
2020-10-29,COINBASE:LTCUSD,54.93,55.81,52.27,54.08,166.4594
2020-10-30,COINBASE:LTCUSD,54.11,56.5,53.65,55.68,161.3371
2020-10-31,COINBASE:LTCUSD,55.71,56.2,54.11,55.65,71.1871
2020-11-01,COINBASE:LTCUSD,55.67,56.85,53.12,53.85,160.1549
2020-11-02,COINBASE:LTCUSD,53.85,54.4,51.25,54.02,181.2624
2020-11-03,COINBASE:LTCUSD,54.08,55.34,51.65,54.75,206.5179
2020-11-04,COINBASE:LTCUSD,54.77,59.79,54.71,59.04,273.6477
2020-11-05,COINBASE:LTCUSD,59.02,63.74,58.73,63.29,419.5607
2020-11-06,COINBASE:LTCUSD,63.35,64.87,56.98,58.94,431.0415
2020-11-07,COINBASE:LTCUSD,58.97,62.07,58.68,60.99,146.4729
2020-11-08,COINBASE:LTCUSD,60.98,61.88,57.45,59.25,228.9547
2020-11-09,COINBASE:LTCUSD,59.29,59.63,57.12,57.99,167.2529
2020-11-10,COINBASE:LTCUSD,57.99,60.63,57.87,59.33,199.9433
2020-11-11,COINBASE:LTCUSD,59.33,60.8,57.7,60.74,188.5901
2020-11-12,COINBASE:LTCUSD,60.74,66.66,60.17,66.01,481.0399
2020-11-13,COINBASE:LTCUSD,66.01,66.34,61.74,63.85,172.7114
2020-11-14,COINBASE:LTCUSD,63.89,64.5,61.08,62.37,132.1757
2020-11-15,COINBASE:LTCUSD,62.33,74.65,62.16,73.83,633.8913
2020-11-16,COINBASE:LTCUSD,73.82,77.04,71.48,76.41,608.2831
2020-11-17,COINBASE:LTCUSD,76.37,77.18,68.34,73.48,669.3962
2020-11-18,COINBASE:LTCUSD,73.49,83.5,71.53,81.62,812.7143
2020-11-19,COINBASE:LTCUSD,81.61,85.92,80.17,82.64,627.671
2020-11-20,COINBASE:LTCUSD,82.65,88.56,80.54,87.13,776.4092
2020-11-21,COINBASE:LTCUSD,87.23,88.0,78.0,82.96,618.4854
2020-11-22,COINBASE:LTCUSD,82.95,90.98,80.8,89.18,720.2977
2020-11-23,COINBASE:LTCUSD,89.13,94.05,85.84,89.34,837.36
2020-11-24,COINBASE:LTCUSD,89.35,90.74,77.95,81.75,493.4582
2020-11-25,COINBASE:LTCUSD,81.7,83.26,64.3,71.11,988.3454
2020-11-26,COINBASE:LTCUSD,71.12,73.58,65.28,69.2,532.9358
2020-11-27,COINBASE:LTCUSD,69.24,75.0,68.38,72.79,441.1342
2020-11-28,COINBASE:LTCUSD,72.75,81.21,71.64,79.0,466.0571
2020-11-29,COINBASE:LTCUSD,79.01,88.53,76.75,87.66,706.1203
2020-11-30,COINBASE:LTCUSD,87.69,93.0,79.84,85.17,1155.2898
2020-12-01,COINBASE:LTCUSD,85.18,90.63,82.79,88.99,495.212
2020-12-02,COINBASE:LTCUSD,88.96,91.35,85.54,89.03,419.647
2020-12-03,COINBASE:LTCUSD,89.04,89.9,78.01,79.58,418.7192
2020-12-04,COINBASE:LTCUSD,79.54,84.33,78.7,83.21,247.023
2020-12-05,COINBASE:LTCUSD,83.18,85.26,80.36,83.64,215.7497
2020-12-06,COINBASE:LTCUSD,83.58,86.89,81.75,83.41,215.8379
2020-12-07,COINBASE:LTCUSD,83.44,84.93,75.5,76.7,304.6286
2020-12-08,COINBASE:LTCUSD,76.7,78.24,72.15,77.42,316.4275
2020-12-09,COINBASE:LTCUSD,77.42,77.64,73.1,74.71,146.8638
2020-12-10,COINBASE:LTCUSD,74.71,75.09,69.94,72.18,325.1196
2020-12-11,COINBASE:LTCUSD,72.19,77.65,72.02,76.7,194.1684
2020-12-12,COINBASE:LTCUSD,76.67,84.34,75.63,82.2,307.4595
2020-12-13,COINBASE:LTCUSD,82.2,82.99,79.15,82.4,246.4719
2020-12-14,COINBASE:LTCUSD,82.4,85.0,80.38,81.4,319.5828
2020-12-15,COINBASE:LTCUSD,81.4,93.3,78.43,93.02,783.1088
2020-12-16,COINBASE:LTCUSD,92.94,110.0,90.44,101.17,1347.5419
2020-12-17,COINBASE:LTCUSD,101.06,112.92,99.28,109.46,872.5862
2020-12-18,COINBASE:LTCUSD,109.45,124.4,105.5,120.02,917.6543
2020-12-19,COINBASE:LTCUSD,120.04,123.19,109.85,114.65,911.2409
2020-12-20,COINBASE:LTCUSD,114.65,118.87,100.65,104.44,888.4662
2020-12-21,COINBASE:LTCUSD,104.49,114.6,98.31,114.31,833.2595
2020-12-22,COINBASE:LTCUSD,114.28,117.32,95.28,102.35,1187.4338
2020-12-23,COINBASE:LTCUSD,102.46,112.3,98.68,111.2,800.7102
2020-12-24,COINBASE:LTCUSD,111.17,128.54,108.24,127.67,1078.937
2020-12-25,COINBASE:LTCUSD,127.8,135.0,124.84,129.56,1122.8086
2020-12-26,COINBASE:LTCUSD,129.56,139.3,121.55,127.6,1327.3063
2020-12-27,COINBASE:LTCUSD,127.67,136.99,126.21,129.69,742.3657
2020-12-28,COINBASE:LTCUSD,129.67,130.67,120.0,128.69,543.579
2020-12-29,COINBASE:LTCUSD,128.7,132.89,122.6,130.11,527.6597
2020-12-30,COINBASE:LTCUSD,130.09,130.35,122.0,124.41,402.1894
2020-12-31,COINBASE:LTCUSD,124.42,134.22,123.19,126.53,495.0059
2021-01-01,COINBASE:LTCUSD,126.53,142.21,123.8,137.13,999.0282
2021-01-02,COINBASE:LTCUSD,137.1,164.98,135.5,161.52,1359.3024
2021-01-03,COINBASE:LTCUSD,161.44,174.5,140.0,155.43,1288.6095
2021-01-04,COINBASE:LTCUSD,155.48,163.36,146.62,159.03,864.793
2021-01-05,COINBASE:LTCUSD,159.01,169.9,155.37,169.41,861.4759
2021-01-06,COINBASE:LTCUSD,169.45,181.25,162.0,169.75,1139.8504
2021-01-07,COINBASE:LTCUSD,169.75,181.55,150.2,172.46,1248.0365
2021-01-08,COINBASE:LTCUSD,172.46,179.42,163.58,177.87,719.1593
2021-01-09,COINBASE:LTCUSD,177.9,186.34,160.62,170.21,1050.0792
2021-01-10,COINBASE:LTCUSD,170.22,170.72,111.04,139.43,2538.6249
2021-01-11,COINBASE:LTCUSD,139.35,146.88,128.0,133.39,1151.4373
2021-01-12,COINBASE:LTCUSD,133.36,148.5,125.7,147.51,868.0826
2021-01-13,COINBASE:LTCUSD,147.55,156.87,143.4,152.38,743.175
2021-01-14,COINBASE:LTCUSD,152.38,155.3,130.29,143.63,734.2954
2021-01-15,COINBASE:LTCUSD,143.75,152.68,139.26,143.5,644.6162
2021-01-16,COINBASE:LTCUSD,143.58,147.0,136.29,142.8,456.1125
2021-01-17,COINBASE:LTCUSD,142.76,155.0,138.27,151.88,610.7523
2021-01-18,COINBASE:LTCUSD,151.81,166.21,150.17,151.9,728.8476
2021-01-19,COINBASE:LTCUSD,151.89,156.3,138.53,149.77,498.7601
2021-01-20,COINBASE:LTCUSD,149.82,150.35,125.4,129.75,612.2567
2021-01-21,COINBASE:LTCUSD,129.65,142.0,122.25,137.76,662.0885
2021-01-22,COINBASE:LTCUSD,137.75,143.54,135.0,137.76,262.5479
2021-01-23,COINBASE:LTCUSD,137.78,142.63,133.86,141.13,269.9974
2021-01-24,COINBASE:LTCUSD,141.17,147.69,136.62,137.13,446.7872
2021-01-25,COINBASE:LTCUSD,137.06,139.79,128.41,134.79,307.3625
2021-01-26,COINBASE:LTCUSD,134.88,135.13,118.0,122.63,440.0104
2021-01-27,COINBASE:LTCUSD,122.7,136.29,120.91,133.61,421.5677
2021-01-28,COINBASE:LTCUSD,133.73,145.88,131.6,134.91,797.2624
2021-01-29,COINBASE:LTCUSD,134.88,136.34,128.11,133.61,362.5129
2021-01-30,COINBASE:LTCUSD,133.53,135.21,125.7,129.58,313.9545
2021-01-31,COINBASE:LTCUSD,129.61,136.62,126.02,132.04,371.0255
2021-02-01,COINBASE:LTCUSD,131.95,145.95,131.84,142.05,581.0921
2021-02-02,COINBASE:LTCUSD,142.12,156.86,142.12,156.2,648.6774
2021-02-03,COINBASE:LTCUSD,156.31,158.99,141.16,145.27,572.1904
2021-02-04,COINBASE:LTCUSD,145.25,156.99,143.63,155.15,503.0588
2021-02-05,COINBASE:LTCUSD,155.18,164.23,150.0,155.77,769.2172
2021-02-06,COINBASE:LTCUSD,155.98,157.49,145.33,150.95,361.3092
2021-02-07,COINBASE:LTCUSD,151.03,169.48,147.98,167.63,629.5444
2021-02-08,COINBASE:LTCUSD,167.6,184.71,164.23,181.92,796.4561
2021-02-09,COINBASE:LTCUSD,181.79,195.15,170.14,181.76,1085.8432
2021-02-10,COINBASE:LTCUSD,181.73,193.65,175.79,183.8,678.1994
2021-02-11,COINBASE:LTCUSD,183.71,199.99,176.89,197.2,772.0165
2021-02-12,COINBASE:LTCUSD,197.2,229.52,192.0,226.62,1202.918
2021-02-13,COINBASE:LTCUSD,226.47,230.81,208.57,213.93,799.636
2021-02-14,COINBASE:LTCUSD,213.92,220.0,185.72,207.9,1027.9105
2021-02-15,COINBASE:LTCUSD,208.1,221.95,200.18,210.17,688.6218
2021-02-16,COINBASE:LTCUSD,210.17,237.59,203.52,237.54,833.226
2021-02-17,COINBASE:LTCUSD,237.52,239.11,220.7,226.65,568.3976
2021-02-18,COINBASE:LTCUSD,226.69,241.99,220.1,236.69,642.2192
2021-02-19,COINBASE:LTCUSD,236.68,247.0,216.08,227.17,795.3826
2021-02-20,COINBASE:LTCUSD,227.04,233.95,220.25,227.54,498.5279
2021-02-21,COINBASE:LTCUSD,227.57,227.72,178.0,208.23,1049.0197
2021-02-22,COINBASE:LTCUSD,208.21,208.94,158.7,177.59,1553.1797
2021-02-23,COINBASE:LTCUSD,177.5,189.69,168.89,181.7,736.6736
2021-02-24,COINBASE:LTCUSD,181.59,205.2,175.21,179.47,760.4505
2021-02-25,COINBASE:LTCUSD,179.4,182.9,162.23,170.3,713.7149
2021-02-26,COINBASE:LTCUSD,170.27,180.48,167.23,172.01,352.4241
2021-02-27,COINBASE:LTCUSD,171.97,173.17,153.07,165.72,574.6382
2021-02-28,COINBASE:LTCUSD,165.58,176.82,163.54,176.01,389.6077
2021-03-01,COINBASE:LTCUSD,176.08,185.48,170.7,179.25,457.4616
2021-03-02,COINBASE:LTCUSD,179.27,196.71,177.15,187.61,530.3847
2021-03-03,COINBASE:LTCUSD,187.62,194.5,177.0,180.59,411.0578
2021-03-04,COINBASE:LTCUSD,180.59,183.53,168.58,180.3,389.7282
2021-03-05,COINBASE:LTCUSD,180.36,184.71,174.73,182.85,270.5621
2021-03-06,COINBASE:LTCUSD,182.88,192.14,182.33,190.74,254.3573
2021-03-07,COINBASE:LTCUSD,190.83,195.22,180.0,191.9,357.9248
2021-03-08,COINBASE:LTCUSD,191.91,205.2,189.01,203.98,421.2862
2021-03-09,COINBASE:LTCUSD,204.02,208.0,191.23,200.23,496.2078
2021-03-10,COINBASE:LTCUSD,200.32,203.45,191.08,201.47,314.112
2021-03-11,COINBASE:LTCUSD,201.47,224.33,198.67,220.84,723.7575
2021-03-12,COINBASE:LTCUSD,220.83,230.0,212.7,226.09,456.1097
2021-03-13,COINBASE:LTCUSD,226.1,227.94,214.0,214.11,256.8685
2021-03-14,COINBASE:LTCUSD,214.02,222.44,197.65,200.82,492.3396
2021-03-15,COINBASE:LTCUSD,200.65,205.27,191.18,201.64,370.4603
2021-03-16,COINBASE:LTCUSD,201.67,206.88,194.25,206.04,296.117
2021-03-17,COINBASE:LTCUSD,206.1,208.23,198.87,199.65,321.7404
2021-03-18,COINBASE:LTCUSD,199.74,204.95,195.8,199.91,221.2888
2021-03-19,COINBASE:LTCUSD,199.88,206.0,198.73,200.16,179.2052
2021-03-20,COINBASE:LTCUSD,200.16,201.95,192.37,195.53,191.8758
2021-03-21,COINBASE:LTCUSD,195.62,199.17,185.0,185.7,264.4227
2021-03-22,COINBASE:LTCUSD,185.73,189.51,180.71,185.85,247.7518
2021-03-23,COINBASE:LTCUSD,185.85,197.0,172.25,175.95,348.3942
2021-03-24,COINBASE:LTCUSD,175.95,178.24,167.78,171.48,334.7109
2021-03-25,COINBASE:LTCUSD,171.52,183.93,171.47,183.7,228.8735
2021-03-26,COINBASE:LTCUSD,183.71,186.24,177.75,184.14,173.0645
2021-03-27,COINBASE:LTCUSD,184.11,187.3,180.0,184.27,154.0525
2021-03-28,COINBASE:LTCUSD,184.24,197.54,182.28,193.66,325.95
2021-03-29,COINBASE:LTCUSD,193.68,200.08,190.18,195.73,247.252
2021-03-30,COINBASE:LTCUSD,195.74,199.0,187.15,196.88,252.0628
2021-03-31,COINBASE:LTCUSD,196.9,204.95,194.14,202.67,286.6674
2021-04-01,COINBASE:LTCUSD,202.74,213.56,200.79,211.5,321.1818
2021-04-02,COINBASE:LTCUSD,211.4,217.88,195.05,195.34,317.8231
2021-04-03,COINBASE:LTCUSD,195.26,204.74,191.9,202.26,218.3151
2021-04-04,COINBASE:LTCUSD,202.26,225.0,198.11,221.44,550.8292
2021-04-05,COINBASE:LTCUSD,221.42,244.54,213.0,237.09,828.9495
2021-04-06,COINBASE:LTCUSD,237.23,242.96,211.0,219.33,763.5304
2021-04-07,COINBASE:LTCUSD,219.2,228.0,217.0,226.24,291.5942
2021-04-08,COINBASE:LTCUSD,226.17,228.96,218.84,221.07,235.5328
2021-04-09,COINBASE:LTCUSD,221.12,256.63,219.02,255.94,544.8745
2021-04-10,COINBASE:LTCUSD,256.25,262.98,244.48,252.44,481.4096
2021-04-11,COINBASE:LTCUSD,252.31,258.69,240.14,244.35,361.4044
2021-04-12,COINBASE:LTCUSD,244.4,273.3,244.33,267.77,577.9871
2021-04-13,COINBASE:LTCUSD,267.77,283.2,255.0,278.85,686.3861
2021-04-14,COINBASE:LTCUSD,278.75,291.25,266.01,286.18,518.6318
2021-04-15,COINBASE:LTCUSD,286.18,319.94,266.21,308.75,1184.3606
2021-04-16,COINBASE:LTCUSD,308.86,335.35,297.41,301.1,876.014
2021-04-17,COINBASE:LTCUSD,301.05,305.33,241.09,274.2,1395.6408
2021-04-18,COINBASE:LTCUSD,274.13,283.69,249.06,261.56,775.929
2021-04-19,COINBASE:LTCUSD,261.7,276.47,233.85,261.01,904.8379
2021-04-20,COINBASE:LTCUSD,260.87,276.97,251.17,257.78,556.5018
2021-04-21,COINBASE:LTCUSD,257.84,289.8,239.13,252.65,933.9435
2021-04-22,COINBASE:LTCUSD,252.74,257.07,207.1,241.67,1075.372
2021-04-23,COINBASE:LTCUSD,241.74,241.79,220.84,225.3,383.1066
2021-04-24,COINBASE:LTCUSD,225.28,235.86,211.07,224.18,399.3661
2021-04-25,COINBASE:LTCUSD,224.25,248.36,221.25,247.65,473.8064
2021-04-26,COINBASE:LTCUSD,247.6,264.0,243.81,259.96,393.9412
2021-04-27,COINBASE:LTCUSD,259.99,267.0,248.51,258.81,428.0975
2021-04-28,COINBASE:LTCUSD,258.79,262.99,248.75,255.51,323.9878
2021-04-29,COINBASE:LTCUSD,255.5,273.87,252.74,271.59,359.8813
2021-04-30,COINBASE:LTCUSD,271.6,278.71,266.17,277.0,271.8984
2021-05-01,COINBASE:LTCUSD,277.02,277.64,265.0,269.1,236.5929
2021-05-02,COINBASE:LTCUSD,269.1,299.71,268.64,294.91,550.2937
2021-05-03,COINBASE:LTCUSD,294.91,327.91,271.03,305.5,1214.7349
2021-05-04,COINBASE:LTCUSD,305.43,360.0,300.98,356.43,1281.0443
2021-05-05,COINBASE:LTCUSD,356.5,365.2,320.0,354.44,906.9055
2021-05-06,COINBASE:LTCUSD,354.52,372.88,333.55,345.25,820.0591
2021-05-07,COINBASE:LTCUSD,345.27,357.0,334.97,347.72,459.2862
2021-05-08,COINBASE:LTCUSD,347.75,389.65,334.0,388.3,687.1492
2021-05-09,COINBASE:LTCUSD,388.13,413.91,336.21,359.41,1162.4262
2021-05-10,COINBASE:LTCUSD,359.35,379.87,345.33,378.16,650.6133
2021-05-11,COINBASE:LTCUSD,378.16,394.46,301.0,310.91,1038.0524
2021-05-12,COINBASE:LTCUSD,310.9,336.0,291.0,318.41,1055.4621
2021-05-13,COINBASE:LTCUSD,318.3,339.62,308.46,326.67,491.7737
2021-05-14,COINBASE:LTCUSD,326.52,332.01,296.52,300.18,508.7963
2021-05-15,COINBASE:LTCUSD,300.11,324.19,279.38,296.11,549.652
2021-05-16,COINBASE:LTCUSD,296.22,296.76,261.37,281.6,824.4723
2021-05-17,COINBASE:LTCUSD,281.5,318.43,278.49,294.13,715.6004
2021-05-18,COINBASE:LTCUSD,294.13,300.49,145.26,186.65,1979.5173
2021-05-19,COINBASE:LTCUSD,186.65,232.99,166.95,211.11,1469.9198
2021-05-20,COINBASE:LTCUSD,211.15,219.79,156.94,180.23,1305.3763
2021-05-21,COINBASE:LTCUSD,180.33,184.82,161.88,169.48,662.1283
2021-05-22,COINBASE:LTCUSD,169.47,176.51,117.58,142.72,1313.9108
2021-05-23,COINBASE:LTCUSD,142.73,185.57,139.86,185.42,1066.7421
2021-05-24,COINBASE:LTCUSD,185.56,194.89,167.41,184.09,802.2378
2021-05-25,COINBASE:LTCUSD,183.95,204.48,179.39,199.18,636.114
2021-05-26,COINBASE:LTCUSD,199.26,208.98,180.61,194.41,562.897
2021-05-27,COINBASE:LTCUSD,194.42,198.92,165.5,177.41,781.7558
2021-05-28,COINBASE:LTCUSD,177.48,188.72,157.7,164.12,677.4303
2021-05-29,COINBASE:LTCUSD,164.15,181.2,155.28,170.72,538.5934
2021-05-30,COINBASE:LTCUSD,170.63,188.5,163.7,188.05,518.7311
2021-05-31,COINBASE:LTCUSD,188.05,193.28,175.98,182.98,382.1069
2021-06-01,COINBASE:LTCUSD,183.0,191.27,178.37,187.27,281.5468
2021-06-02,COINBASE:LTCUSD,187.19,197.67,182.03,193.58,301.1372
2021-06-03,COINBASE:LTCUSD,193.55,193.8,169.18,178.63,328.0265
2021-06-04,COINBASE:LTCUSD,178.62,185.49,167.67,173.07,246.5038
2021-06-05,COINBASE:LTCUSD,173.01,180.06,171.82,176.38,209.3239
2021-06-06,COINBASE:LTCUSD,176.38,182.25,160.25,161.98,314.0089
2021-06-07,COINBASE:LTCUSD,161.98,164.58,145.0,160.76,543.709
2021-06-08,COINBASE:LTCUSD,160.73,173.33,152.46,172.57,423.8302
2021-06-09,COINBASE:LTCUSD,172.69,174.69,162.21,168.38,256.2166
2021-06-10,COINBASE:LTCUSD,168.46,173.76,160.58,162.9,287.6151
2021-06-11,COINBASE:LTCUSD,162.88,164.36,154.23,161.85,208.4188
2021-06-12,COINBASE:LTCUSD,161.86,171.73,156.54,171.02,222.8499
2021-06-13,COINBASE:LTCUSD,170.92,180.18,166.33,180.02,282.7342
2021-06-14,COINBASE:LTCUSD,179.98,181.26,172.18,175.15,189.9317
2021-06-15,COINBASE:LTCUSD,175.2,177.34,164.39,166.61,239.4368
2021-06-16,COINBASE:LTCUSD,166.58,173.4,162.88,167.18,185.4368
2021-06-17,COINBASE:LTCUSD,167.18,167.39,151.11,156.41,283.5313
2021-06-18,COINBASE:LTCUSD,156.44,160.88,152.36,152.53,157.0266
2021-06-19,COINBASE:LTCUSD,152.58,156.2,143.81,154.87,226.4914
2021-06-20,COINBASE:LTCUSD,154.88,155.45,124.02,124.45,557.7379
2021-06-21,COINBASE:LTCUSD,124.4,133.02,105.0,119.83,839.8303
2021-06-22,COINBASE:LTCUSD,119.78,133.76,115.55,129.2,413.1147
2021-06-23,COINBASE:LTCUSD,129.22,137.4,123.77,134.53,242.3597
2021-06-24,COINBASE:LTCUSD,134.54,138.45,124.34,125.0,254.5655
2021-06-25,COINBASE:LTCUSD,124.97,129.37,118.71,126.81,198.9241
2021-06-26,COINBASE:LTCUSD,126.76,132.7,124.61,132.67,193.6433
2021-06-27,COINBASE:LTCUSD,132.64,139.6,129.92,137.69,225.5249
2021-06-28,COINBASE:LTCUSD,137.71,149.26,137.25,144.18,275.5391
2021-06-29,COINBASE:LTCUSD,144.19,146.94,136.09,144.36,206.4665
2021-06-30,COINBASE:LTCUSD,144.42,144.43,134.15,137.16,192.8265
2021-07-01,COINBASE:LTCUSD,137.04,139.0,130.6,136.91,146.1114
2021-07-02,COINBASE:LTCUSD,136.9,141.41,134.55,140.19,93.2214
2021-07-03,COINBASE:LTCUSD,140.22,148.0,136.89,144.94,91.4066
2021-07-04,COINBASE:LTCUSD,144.99,145.0,134.17,137.82,135.6174
2021-07-05,COINBASE:LTCUSD,137.82,142.73,135.7,138.89,115.7972
2021-07-06,COINBASE:LTCUSD,138.88,142.98,137.01,137.42,138.2597
2021-07-07,COINBASE:LTCUSD,137.47,137.81,127.9,132.1,156.8541
2021-07-08,COINBASE:LTCUSD,132.12,135.8,126.08,134.61,117.8145
2021-07-09,COINBASE:LTCUSD,134.61,136.86,130.36,134.01,72.2578
2021-07-10,COINBASE:LTCUSD,134.03,136.44,132.13,134.26,82.5915
2021-07-11,COINBASE:LTCUSD,134.29,139.65,131.65,133.37,153.6525
2021-07-12,COINBASE:LTCUSD,133.37,134.62,129.56,131.44,110.478
2021-07-13,COINBASE:LTCUSD,131.43,132.39,123.86,131.02,121.9659
2021-07-14,COINBASE:LTCUSD,131.02,133.07,121.95,125.79,134.767
2021-07-15,COINBASE:LTCUSD,125.92,127.82,120.44,120.68,130.5546
2021-07-16,COINBASE:LTCUSD,120.71,122.95,117.73,120.02,108.8085
2021-07-17,COINBASE:LTCUSD,120.04,124.1,116.37,119.13,103.7141
2021-07-18,COINBASE:LTCUSD,119.2,120.71,111.84,113.17,135.211
2021-07-19,COINBASE:LTCUSD,113.2,115.06,103.88,107.3,248.4134
2021-07-20,COINBASE:LTCUSD,107.3,119.22,105.08,117.83,203.8541
2021-07-21,COINBASE:LTCUSD,117.77,122.1,115.63,120.74,121.7838
2021-07-22,COINBASE:LTCUSD,120.74,125.06,117.06,124.28,118.7151
2021-07-23,COINBASE:LTCUSD,124.3,127.82,123.37,126.12,135.3896
2021-07-24,COINBASE:LTCUSD,126.09,128.12,123.62,127.75,127.9523
2021-07-25,COINBASE:LTCUSD,127.74,140.43,127.03,131.11,359.5414
2021-07-26,COINBASE:LTCUSD,131.09,135.19,127.43,134.74,247.0016
2021-07-27,COINBASE:LTCUSD,134.75,142.07,132.43,140.47,286.5284
2021-07-28,COINBASE:LTCUSD,140.48,143.0,136.63,141.52,177.6786
2021-07-29,COINBASE:LTCUSD,141.57,145.93,135.92,145.62,192.0354
2021-07-30,COINBASE:LTCUSD,145.61,146.68,141.95,144.43,130.1096
2021-07-31,COINBASE:LTCUSD,144.46,149.87,138.14,140.28,187.7964
2021-08-01,COINBASE:LTCUSD,140.31,145.91,138.81,141.36,183.457
2021-08-02,COINBASE:LTCUSD,141.35,143.26,135.69,138.48,123.5135
2021-08-03,COINBASE:LTCUSD,138.47,144.5,135.54,142.54,147.7758
2021-08-04,COINBASE:LTCUSD,142.54,145.25,136.25,143.59,196.5518
2021-08-05,COINBASE:LTCUSD,143.6,150.96,141.95,148.09,217.7276
2021-08-06,COINBASE:LTCUSD,148.06,156.53,147.2,156.05,208.1336
2021-08-07,COINBASE:LTCUSD,156.06,157.72,147.09,149.88,188.8418
2021-08-08,COINBASE:LTCUSD,149.81,171.0,145.36,166.42,376.8078
2021-08-09,COINBASE:LTCUSD,166.31,168.42,158.86,165.45,232.1498
2021-08-10,COINBASE:LTCUSD,165.43,176.1,164.3,170.79,261.6158
2021-08-11,COINBASE:LTCUSD,170.72,179.79,160.83,165.51,274.4604
2021-08-12,COINBASE:LTCUSD,165.53,184.7,163.95,183.42,323.6204
2021-08-13,COINBASE:LTCUSD,183.43,185.11,174.82,182.98,217.1415
2021-08-14,COINBASE:LTCUSD,182.92,186.65,175.7,184.76,218.4973
2021-08-15,COINBASE:LTCUSD,184.76,189.12,176.65,177.94,262.6069
2021-08-16,COINBASE:LTCUSD,177.93,184.45,168.0,168.54,271.6063
2021-08-17,COINBASE:LTCUSD,168.55,174.58,162.93,166.45,245.1889
2021-08-18,COINBASE:LTCUSD,166.73,175.9,162.66,175.57,208.6846
2021-08-19,COINBASE:LTCUSD,175.57,184.03,174.12,183.67,186.3735
2021-08-20,COINBASE:LTCUSD,183.7,184.5,176.92,179.83,160.9452
2021-08-21,COINBASE:LTCUSD,179.72,189.81,178.71,185.97,241.5685
2021-08-22,COINBASE:LTCUSD,185.97,191.8,183.55,187.08,232.4349
2021-08-23,COINBASE:LTCUSD,186.97,188.68,172.65,173.54,195.1985
2021-08-24,COINBASE:LTCUSD,173.4,178.95,169.21,177.98,162.9413
2021-08-25,COINBASE:LTCUSD,177.87,180.36,165.11,167.74,192.568
2021-08-26,COINBASE:LTCUSD,167.71,176.4,165.12,176.32,200.8263
2021-08-27,COINBASE:LTCUSD,176.37,177.15,171.21,175.75,159.2742
2021-08-28,COINBASE:LTCUSD,175.78,182.75,173.18,174.48,243.3927
2021-08-29,COINBASE:LTCUSD,174.48,176.59,166.49,167.34,288.1479
2021-08-30,COINBASE:LTCUSD,167.39,175.4,165.67,171.57,331.1864
2021-08-31,COINBASE:LTCUSD,171.6,182.78,168.57,180.86,319.2424
2021-09-01,COINBASE:LTCUSD,180.86,188.0,179.41,183.39,323.6156
2021-09-02,COINBASE:LTCUSD,183.46,218.0,179.87,213.28,869.5265
2021-09-03,COINBASE:LTCUSD,213.29,225.25,208.5,212.12,562.2294
2021-09-04,COINBASE:LTCUSD,212.17,232.64,210.57,232.3,493.8419
2021-09-05,COINBASE:LTCUSD,232.3,232.41,215.21,219.47,547.073
2021-09-06,COINBASE:LTCUSD,219.47,222.04,161.0,178.36,719.0886
2021-09-07,COINBASE:LTCUSD,178.54,189.0,169.31,179.7,646.9662
2021-09-08,COINBASE:LTCUSD,179.8,188.85,176.55,180.42,473.385
2021-09-09,COINBASE:LTCUSD,180.45,187.38,170.88,174.16,393.307
2021-09-10,COINBASE:LTCUSD,174.12,186.06,173.25,178.56,278.1978
2021-09-11,COINBASE:LTCUSD,178.59,186.1,175.2,182.96,262.0505
2021-09-12,COINBASE:LTCUSD,183.01,237.88,170.82,179.36,1476.4236
2021-09-13,COINBASE:LTCUSD,179.4,188.88,176.21,183.09,396.9892
2021-09-14,COINBASE:LTCUSD,183.13,191.86,179.59,189.24,308.1855
2021-09-15,COINBASE:LTCUSD,189.26,195.49,181.53,185.33,414.6488
2021-09-16,COINBASE:LTCUSD,185.33,190.53,177.66,180.0,311.2259
2021-09-17,COINBASE:LTCUSD,180.0,185.95,177.96,181.38,221.374
2021-09-18,COINBASE:LTCUSD,181.34,181.72,174.65,175.49,179.9979
