,symbol,COMP open,COMP high,COMP low,COMP close,COMP volume(M),symbol,SUSHI open,SUSHI high,SUSHI low,SUSHI close,SUSHI volume(M),symbol,LTC open,LTC high,LTC low,LTC close,LTC volume(M),symbol,ETC open,ETC high,ETC low,ETC close,ETC volume(M),symbol,DOGE open,DOGE high,DOGE low,DOGE close,DOGE volume(M),symbol,STORJ open,STORJ high,STORJ low,STORJ close,STORJ volume(M),symbol,ADA open,ADA high,ADA low,ADA close,ADA volume(M),symbol,BTC open,BTC high,BTC low,BTC close,BTC volume(M),symbol,ETH open,ETH high,ETH low,ETH close,ETH volume(M),symbol,SOL open,SOL high,SOL low,SOL close,SOL volume(M),symbol,UNI open,UNI high,UNI low,UNI close,UNI volume(M)
2021-06-16,COINBASE:COMPUSD,305.45,323.88,296.81,306.64,11.3123,COINBASE:SUSHIUSD,8.496,9.116,8.208,8.466,1092.8475,COINBASE:LTCUSD,166.58,173.4,162.88,167.18,185.4368,COINBASE:ETCUSD,55.343,57.222,54.268,55.493,160.9573,COINBASE:DOGEUSD,0.3078,0.3141,0.3028,0.3064,56537.9422,COINBASE:STORJUSD,0.9047,0.9334,0.8748,0.8922,1554.6896,COINBASE:ADAUSD,1.485,1.5389,1.4562,1.4824,38147.3769,COINBASE:BTCUSD,38351.0,39554.98,37365.63,38095.17,15.9704,COINBASE:ETHUSD,2368.24,2459.53,2306.35,2373.33,153.6293,COINBASE:SOLUSD,40.5,40.5,38.219,39.25,202.1117,COINBASE:UNIUSD,21.8008,22.9356,21.42,22.1783,335.582
2021-06-17,COINBASE:COMPUSD,306.76,308.83,265.29,279.09,17.164,COINBASE:SUSHIUSD,8.461,8.493,7.561,7.839,878.3307,COINBASE:LTCUSD,167.18,167.39,151.11,156.41,283.5313,COINBASE:ETCUSD,55.493,55.493,50.521,52.524,253.698,COINBASE:DOGEUSD,0.3062,0.3078,0.2799,0.2934,176036.6094,COINBASE:STORJUSD,0.8912,0.8963,0.8014,0.8353,1658.6474,COINBASE:ADAUSD,1.4824,1.492,1.3751,1.4169,56431.542,COINBASE:BTCUSD,38103.94,38216.22,35153.16,35841.81,23.4724,COINBASE:ETHUSD,2373.33,2377.8,2125.12,2234.47,273.3282,COINBASE:SOLUSD,39.321,39.45,35.0,36.842,471.3617,COINBASE:UNIUSD,22.1731,22.2584,19.5645,20.3982,454.7785
2021-06-18,COINBASE:COMPUSD,279.16,287.45,271.62,272.88,9.05,COINBASE:SUSHIUSD,7.838,7.99,7.463,7.478,459.5471,COINBASE:LTCUSD,156.44,160.88,152.36,152.53,157.0266,COINBASE:ETCUSD,52.479,53.342,50.872,50.902,116.1358,COINBASE:DOGEUSD,0.2935,0.298,0.2856,0.2856,57112.283,COINBASE:STORJUSD,0.8345,0.8871,0.8047,0.8246,2074.0271,COINBASE:ADAUSD,1.4169,1.4422,1.3843,1.3844,27690.5554,COINBASE:BTCUSD,35840.96,36457.18,34833.26,35484.79,16.8011,COINBASE:ETHUSD,2234.8,2279.0,2162.72,2164.72,162.8289,COINBASE:SOLUSD,36.875,37.361,34.977,35.2,263.0026,COINBASE:UNIUSD,20.399,20.9804,19.77,19.77,233.0696
2021-06-19,COINBASE:COMPUSD,272.88,299.67,260.02,293.56,18.7353,COINBASE:SUSHIUSD,7.476,8.647,7.322,8.419,1942.3823,COINBASE:LTCUSD,152.58,156.2,143.81,154.87,226.4914,COINBASE:ETCUSD,50.936,51.5,46.963,50.993,249.8103,COINBASE:DOGEUSD,0.2858,0.2896,0.255,0.2803,158647.3502,COINBASE:STORJUSD,0.8249,0.8648,0.775,0.8229,2468.9242,COINBASE:ADAUSD,1.3848,1.4593,1.3062,1.4252,52741.5154,COINBASE:BTCUSD,35484.8,36139.73,33347.05,35585.78,19.4001,COINBASE:ETHUSD,2165.13,2275.78,2042.5,2242.9,231.8719,COINBASE:SOLUSD,35.2,35.954,31.324,35.271,287.189,COINBASE:UNIUSD,19.7718,21.0092,18.6387,20.6957,450.6525
2021-06-20,COINBASE:COMPUSD,293.64,295.74,220.88,221.6,31.6304,COINBASE:SUSHIUSD,8.424,8.518,6.595,6.633,3951.3064,COINBASE:LTCUSD,154.88,155.45,124.02,124.45,557.7379,COINBASE:ETCUSD,50.994,51.407,38.52,39.487,715.8843,COINBASE:DOGEUSD,0.2803,0.2811,0.1643,0.1788,791736.9653,COINBASE:STORJUSD,0.8218,0.83,0.6191,0.622,4482.5649,COINBASE:ADAUSD,1.4255,1.4364,1.162,1.1734,136822.8771,COINBASE:BTCUSD,35585.79,35741.54,31259.0,31609.82,41.3044,COINBASE:ETHUSD,2242.89,2259.1,1864.5,1885.67,598.6548,COINBASE:SOLUSD,35.286,35.532,26.0,26.625,836.3744,COINBASE:UNIUSD,20.7063,20.8625,15.752,15.7983,1477.2748
2021-06-21,COINBASE:COMPUSD,221.97,247.82,196.48,234.49,47.2881,COINBASE:SUSHIUSD,6.626,7.555,5.969,6.813,4095.3409,COINBASE:LTCUSD,124.4,133.02,105.0,119.83,839.8303,COINBASE:ETCUSD,39.477,42.8,32.179,36.625,1116.0193,COINBASE:DOGEUSD,0.1787,0.2175,0.1633,0.1909,794426.5994,COINBASE:STORJUSD,0.6219,0.6694,0.5058,0.5765,6614.8366,COINBASE:ADAUSD,1.1742,1.2678,1.0009,1.1586,256337.1843,COINBASE:BTCUSD,31609.82,33352.0,28800.0,32538.37,48.3883,COINBASE:ETHUSD,1885.49,1996.67,1700.0,1881.65,620.1617,COINBASE:SOLUSD,26.631,28.773,20.181,26.982,1438.7373,COINBASE:UNIUSD,15.7928,17.1283,13.9048,16.4223,2254.3721
2021-06-22,COINBASE:COMPUSD,235.08,271.13,225.7,242.01,31.901,COINBASE:SUSHIUSD,6.797,7.533,6.509,7.057,1631.7697,COINBASE:LTCUSD,119.78,133.76,115.55,129.2,413.1147,COINBASE:ETCUSD,36.581,43.042,34.66,40.79,463.3547,COINBASE:DOGEUSD,0.1909,0.2495,0.1805,0.2349,564383.6694,COINBASE:STORJUSD,0.5788,0.6902,0.5544,0.66,5805.0979,COINBASE:ADAUSD,1.1584,1.31,1.1088,1.2508,98816.7043,COINBASE:BTCUSD,32538.9,34881.02,31708.03,33688.35,23.1248,COINBASE:ETHUSD,1881.24,2045.0,1823.97,1968.37,287.2171,COINBASE:SOLUSD,26.979,32.957,25.682,30.838,1145.607,COINBASE:UNIUSD,16.4035,18.4992,15.7954,17.8106,1026.5702
2021-06-23,COINBASE:COMPUSD,241.98,260.16,227.4,256.33,23.6872,COINBASE:SUSHIUSD,7.057,7.346,6.624,7.08,916.4615,COINBASE:LTCUSD,129.22,137.4,123.77,134.53,242.3597,COINBASE:ETCUSD,40.756,43.585,38.788,43.171,310.3258,COINBASE:DOGEUSD,0.2349,0.27,0.2218,0.264,351286.8057,COINBASE:STORJUSD,0.6591,0.6882,0.6132,0.68,2229.2019,COINBASE:ADAUSD,1.2513,1.3998,1.201,1.3602,81898.7372,COINBASE:BTCUSD,33688.51,35295.67,32300.0,34654.58,16.869,COINBASE:ETHUSD,1968.36,2035.39,1884.77,1988.81,208.6236,COINBASE:SOLUSD,30.851,33.0,28.477,31.187,883.0309,COINBASE:UNIUSD,17.8174,18.5578,16.6137,18.1004,539.3562
2021-06-24,COINBASE:COMPUSD,256.32,260.82,221.0,222.0,29.2418,COINBASE:SUSHIUSD,7.081,7.198,6.151,6.3,1150.499,COINBASE:LTCUSD,134.54,138.45,124.34,125.0,254.5655,COINBASE:ETCUSD,43.233,45.497,38.953,39.392,353.0201,COINBASE:DOGEUSD,0.264,0.29,0.2285,0.2375,645832.6941,COINBASE:STORJUSD,0.6798,0.6955,0.6029,0.6112,2313.291,COINBASE:ADAUSD,1.36,1.3961,1.2409,1.2529,96273.1901,COINBASE:BTCUSD,34654.87,35500.0,31300.0,31594.63,26.5052,COINBASE:ETHUSD,1988.81,2019.39,1792.0,1809.07,370.7398,COINBASE:SOLUSD,31.201,32.98,27.93,28.646,646.7629,COINBASE:UNIUSD,18.0962,18.3264,15.6927,15.8273,882.0699
2021-06-25,COINBASE:COMPUSD,222.0,229.47,211.73,225.24,24.3483,COINBASE:SUSHIUSD,6.299,7.137,6.065,6.829,1284.8682,COINBASE:LTCUSD,124.97,129.37,118.71,126.81,198.9241,COINBASE:ETCUSD,39.354,40.958,37.532,40.503,204.3712,COINBASE:DOGEUSD,0.2374,0.2557,0.2306,0.2459,208364.3176,COINBASE:STORJUSD,0.6107,0.69,0.5817,0.628,3411.4806,COINBASE:ADAUSD,1.2529,1.2918,1.2,1.2518,52812.1195,COINBASE:BTCUSD,31594.62,32711.68,30173.49,32275.19,18.2994,COINBASE:ETHUSD,1809.07,1851.97,1717.41,1829.17,238.2072,COINBASE:SOLUSD,28.6,30.121,26.72,29.739,469.7591,COINBASE:UNIUSD,15.8305,16.4595,15.1177,16.1248,475.3333
2021-06-26,COINBASE:COMPUSD,225.5,257.79,223.67,257.46,25.2688,COINBASE:SUSHIUSD,6.83,7.14,6.487,7.14,873.2014,COINBASE:LTCUSD,126.76,132.7,124.61,132.67,193.6433,COINBASE:ETCUSD,40.503,42.473,39.412,42.327,175.5404,COINBASE:DOGEUSD,0.2458,0.2677,0.2403,0.2647,180482.5664,COINBASE:STORJUSD,0.6285,0.6573,0.6071,0.6564,2430.1583,COINBASE:ADAUSD,1.2519,1.35,1.2421,1.3372,46886.1002,COINBASE:BTCUSD,32267.59,34749.0,32002.21,34709.23,14.4289,COINBASE:ETHUSD,1829.0,1988.62,1807.89,1984.71,177.4139,COINBASE:SOLUSD,29.739,31.98,29.205,31.92,431.4912,COINBASE:UNIUSD,16.1278,17.1043,15.6322,17.1043,354.6942
2021-06-27,COINBASE:COMPUSD,257.46,320.0,248.89,311.93,65.3422,COINBASE:SUSHIUSD,7.144,7.775,7.017,7.602,854.9115,COINBASE:LTCUSD,132.64,139.6,129.92,137.69,225.5249,COINBASE:ETCUSD,42.327,44.606,41.063,43.36,211.9656,COINBASE:DOGEUSD,0.2646,0.2669,0.2506,0.2572,171045.0513,COINBASE:STORJUSD,0.6564,0.7119,0.651,0.7119,2646.3569,COINBASE:ADAUSD,1.3386,1.35,1.3043,1.326,40116.2534,COINBASE:BTCUSD,34708.53,35301.43,33864.99,34493.22,14.9203,COINBASE:ETHUSD,1984.84,2143.67,1957.24,2083.79,278.262,COINBASE:SOLUSD,31.935,34.323,31.01,33.013,459.7579,COINBASE:UNIUSD,17.1043,18.1362,16.8687,17.7312,414.6252
2021-06-28,COINBASE:COMPUSD,311.92,330.0,307.18,311.23,47.6029,COINBASE:SUSHIUSD,7.607,8.447,7.559,7.937,935.9551,COINBASE:LTCUSD,137.71,149.26,137.25,144.18,275.5391,COINBASE:ETCUSD,43.344,58.888,43.134,56.827,1141.9522,COINBASE:DOGEUSD,0.2571,0.2758,0.2527,0.2636,195143.2021,COINBASE:STORJUSD,0.7117,0.95,0.7008,0.8842,20144.5009,COINBASE:ADAUSD,1.3263,1.4218,1.3196,1.3736,68003.2554,COINBASE:BTCUSD,34493.22,36675.0,34233.35,35904.28,17.9176,COINBASE:ETHUSD,2083.99,2247.03,2074.53,2166.18,215.7027,COINBASE:SOLUSD,33.033,35.829,32.655,33.963,553.0054,COINBASE:UNIUSD,17.7339,19.2094,17.6553,18.6452,415.3111
2021-06-29,COINBASE:COMPUSD,311.31,338.45,285.27,338.45,32.3191,COINBASE:SUSHIUSD,7.938,8.184,7.256,8.152,905.9911,COINBASE:LTCUSD,144.19,146.94,136.09,144.36,206.4665,COINBASE:ETCUSD,56.714,62.843,51.668,57.505,1380.2104,COINBASE:DOGEUSD,0.2635,0.2641,0.2378,0.2541,184596.4447,COINBASE:STORJUSD,0.8837,0.8883,0.7707,0.8442,8158.1897,COINBASE:ADAUSD,1.3728,1.4019,1.2832,1.3863,66647.4776,COINBASE:BTCUSD,35906.17,36094.42,34033.0,35060.0,16.7007,COINBASE:ETHUSD,2165.64,2288.0,2089.16,2276.72,254.8732,COINBASE:SOLUSD,33.951,36.0,31.602,35.565,754.7206,COINBASE:UNIUSD,18.6296,19.3044,17.1606,19.2801,620.8444
2021-06-30,COINBASE:COMPUSD,338.45,356.74,319.72,332.19,71.2297,COINBASE:SUSHIUSD,8.144,8.144,7.175,7.423,605.0826,COINBASE:LTCUSD,144.42,144.43,134.15,137.16,192.8265,COINBASE:ETCUSD,57.568,58.37,52.274,53.039,550.921,COINBASE:DOGEUSD,0.2539,0.2619,0.2383,0.2441,164261.3353,COINBASE:STORJUSD,0.8444,0.8444,0.7379,0.7955,2876.7029,COINBASE:ADAUSD,1.3861,1.3869,1.303,1.3325,54875.2772,COINBASE:BTCUSD,35060.0,35066.54,32703.48,33516.11,13.211,COINBASE:ETHUSD,2276.74,2277.44,2072.06,2107.01,240.7206,COINBASE:SOLUSD,35.545,35.601,32.182,33.29,541.9181,COINBASE:UNIUSD,19.2857,19.2857,17.5579,17.7939,722.75
2021-07-01,COINBASE:COMPUSD,331.85,368.81,307.01,368.44,53.1523,COINBASE:SUSHIUSD,7.416,7.533,6.972,7.443,439.277,COINBASE:LTCUSD,137.04,139.0,130.6,136.91,146.1114,COINBASE:ETCUSD,53.027,55.219,50.701,53.724,321.7149,COINBASE:DOGEUSD,0.2438,0.2489,0.2385,0.2452,111923.2014,COINBASE:STORJUSD,0.7961,0.892,0.796,0.8548,13089.5598,COINBASE:ADAUSD,1.3322,1.3963,1.285,1.3956,51154.3566,COINBASE:BTCUSD,33510.93,33972.06,32704.73,33805.02,11.7657,COINBASE:ETHUSD,2107.75,2159.43,2017.07,2156.0,192.1272,COINBASE:SOLUSD,33.28,34.1,31.408,33.991,458.5775,COINBASE:UNIUSD,17.7857,18.2639,16.9368,18.2388,326.9122
2021-07-02,COINBASE:COMPUSD,368.49,386.81,362.47,380.67,35.6226,COINBASE:SUSHIUSD,7.443,7.705,7.263,7.604,259.6978,COINBASE:LTCUSD,136.9,141.41,134.55,140.19,93.2214,COINBASE:ETCUSD,53.711,58.639,52.426,56.827,395.0972,COINBASE:DOGEUSD,0.2453,0.2502,0.242,0.2465,66914.5831,COINBASE:STORJUSD,0.8547,0.8721,0.8123,0.8661,3550.9646,COINBASE:ADAUSD,1.3957,1.444,1.3589,1.4054,34164.3188,COINBASE:BTCUSD,33805.01,34953.07,33320.0,34682.16,6.1978,COINBASE:ETHUSD,2156.0,2239.69,2113.18,2226.95,98.6668,COINBASE:SOLUSD,33.991,35.392,33.26,34.558,261.8024,COINBASE:UNIUSD,18.2455,19.5421,17.7982,19.4682,382.6966
2021-07-03,COINBASE:COMPUSD,380.54,464.68,368.75,443.97,77.4845,COINBASE:SUSHIUSD,7.604,8.232,7.373,7.936,364.1577,COINBASE:LTCUSD,140.22,148.0,136.89,144.94,91.4066,COINBASE:ETCUSD,56.85,58.912,55.903,56.368,253.2296,COINBASE:DOGEUSD,0.2465,0.2528,0.2433,0.2467,66153.1021,COINBASE:STORJUSD,0.8657,0.9426,0.8579,0.8649,8784.4766,COINBASE:ADAUSD,1.4053,1.496,1.383,1.4623,37514.9499,COINBASE:BTCUSD,34685.03,35951.0,34390.53,35284.05,6.224,COINBASE:ETHUSD,2227.46,2389.22,2190.56,2323.15,126.3258,COINBASE:SOLUSD,34.536,35.504,33.582,34.332,243.5881,COINBASE:UNIUSD,19.473,21.4876,18.9501,20.7665,938.1518
2021-07-04,COINBASE:COMPUSD,444.16,519.75,412.24,492.31,123.1917,COINBASE:SUSHIUSD,7.925,8.234,7.23,8.07,732.0781,COINBASE:LTCUSD,144.99,145.0,134.17,137.82,135.6174,COINBASE:ETCUSD,56.351,57.0,52.862,53.663,250.9866,COINBASE:DOGEUSD,0.2466,0.2466,0.2262,0.2312,100615.8507,COINBASE:STORJUSD,0.8646,0.8978,0.8201,0.8834,5702.0907,COINBASE:ADAUSD,1.4621,1.4623,1.3775,1.4038,34915.9159,COINBASE:BTCUSD,35284.06,35290.82,33156.86,33697.78,9.6076,COINBASE:ETHUSD,2323.27,2324.44,2160.0,2197.34,156.104,COINBASE:SOLUSD,34.304,34.479,32.45,32.92,250.8659,COINBASE:UNIUSD,20.7582,20.8876,19.1348,20.0773,673.9826
2021-07-05,COINBASE:COMPUSD,492.7,529.79,463.2,481.24,93.402,COINBASE:SUSHIUSD,8.071,9.506,8.067,8.979,2858.3684,COINBASE:LTCUSD,137.82,142.73,135.7,138.89,115.7972,COINBASE:ETCUSD,53.716,56.818,53.469,54.573,207.0184,COINBASE:DOGEUSD,0.2312,0.2422,0.2294,0.2342,88550.8376,COINBASE:STORJUSD,0.8848,1.033,0.8794,0.9551,15055.2273,COINBASE:ADAUSD,1.4038,1.4575,1.3901,1.4161,32754.8773,COINBASE:BTCUSD,33697.78,35100.0,33300.0,34225.73,10.313,COINBASE:ETHUSD,2197.34,2350.0,2195.02,2321.84,165.6935,COINBASE:SOLUSD,32.922,35.048,32.909,34.217,348.0231,COINBASE:UNIUSD,20.0701,23.1817,20.0595,22.3731,2156.6173
2021-07-06,COINBASE:COMPUSD,481.23,493.15,435.0,441.39,50.031,COINBASE:SUSHIUSD,8.963,9.721,8.749,8.78,1519.3499,COINBASE:LTCUSD,138.88,142.98,137.01,137.42,138.2597,COINBASE:ETCUSD,54.614,55.464,52.533,52.781,275.8822,COINBASE:DOGEUSD,0.2342,0.2386,0.2209,0.2239,107956.1235,COINBASE:STORJUSD,0.9551,1.1029,0.9345,0.9688,9194.2655,COINBASE:ADAUSD,1.4163,1.4412,1.4,1.4049,25560.4399,COINBASE:BTCUSD,34225.72,35077.46,33770.01,33878.56,9.4049,COINBASE:ETHUSD,2322.2,2411.19,2294.16,2316.82,159.7021,COINBASE:SOLUSD,34.213,38.1,33.83,36.718,902.836,COINBASE:UNIUSD,22.3552,23.4498,21.68,22.2768,558.0437
2021-07-07,COINBASE:COMPUSD,441.6,445.51,408.7,414.96,53.161,COINBASE:SUSHIUSD,8.771,8.798,7.81,7.905,900.2006,COINBASE:LTCUSD,137.47,137.81,127.9,132.1,156.8541,COINBASE:ETCUSD,52.775,52.959,48.543,49.464,300.2192,COINBASE:DOGEUSD,0.224,0.2249,0.2017,0.2072,195477.5324,COINBASE:STORJUSD,0.9644,1.0912,0.8962,1.0704,11734.1149,COINBASE:ADAUSD,1.4049,1.4073,1.3193,1.3276,41753.9844,COINBASE:BTCUSD,33879.5,33934.62,32111.0,32875.95,14.1474,COINBASE:ETHUSD,2317.64,2325.46,2084.0,2116.95,223.83,COINBASE:SOLUSD,36.678,36.962,32.586,33.161,656.0955,COINBASE:UNIUSD,22.2695,22.3332,19.97,20.3516,556.5995
2021-07-08,COINBASE:COMPUSD,414.91,440.82,387.01,434.95,46.6277,COINBASE:SUSHIUSD,7.907,8.599,7.627,8.401,800.1446,COINBASE:LTCUSD,132.12,135.8,126.08,134.61,117.8145,COINBASE:ETCUSD,49.422,51.312,46.486,50.075,244.876,COINBASE:DOGEUSD,0.2072,0.2298,0.1955,0.2196,236319.1966,COINBASE:STORJUSD,1.07,1.0708,0.9353,0.992,9811.1693,COINBASE:ADAUSD,1.3276,1.3743,1.2872,1.351,28256.2202,COINBASE:BTCUSD,32875.95,34100.0,32255.24,33824.26,8.3209,COINBASE:ETHUSD,2116.3,2189.28,2050.0,2147.38,190.8833,COINBASE:SOLUSD,33.163,34.43,32.0,33.335,342.9653,COINBASE:UNIUSD,20.3467,21.5981,19.7712,20.9556,619.2449
2021-07-09,COINBASE:COMPUSD,434.51,449.33,409.15,423.23,32.2606,COINBASE:SUSHIUSD,8.406,8.606,7.839,7.99,345.999,COINBASE:LTCUSD,134.61,136.86,130.36,134.01,72.2578,COINBASE:ETCUSD,50.064,51.318,48.201,49.15,167.6981,COINBASE:DOGEUSD,0.2196,0.228,0.2099,0.2139,95754.193,COINBASE:STORJUSD,0.9924,1.0,0.9271,0.9462,4551.9985,COINBASE:ADAUSD,1.3509,1.3665,1.3178,1.3356,17670.6456,COINBASE:BTCUSD,33824.25,34267.14,33027.83,33515.35,4.9063,COINBASE:ETHUSD,2147.38,2192.98,2075.0,2110.55,116.5945,COINBASE:SOLUSD,33.3,34.223,31.069,31.722,317.8096,COINBASE:UNIUSD,20.9861,21.5087,19.94,20.269,259.5927
2021-07-10,COINBASE:COMPUSD,423.4,457.54,414.58,436.41,25.739,COINBASE:SUSHIUSD,8.011,8.398,7.829,8.146,377.7068,COINBASE:LTCUSD,134.03,136.44,132.13,134.26,82.5915,COINBASE:ETCUSD,49.171,50.47,48.277,49.672,77.3981,COINBASE:DOGEUSD,0.2138,0.2192,0.2107,0.2159,47077.2547,COINBASE:STORJUSD,0.9458,0.9741,0.9077,0.9504,2664.5704,COINBASE:ADAUSD,1.3358,1.3673,1.3235,1.3486,12144.9555,COINBASE:BTCUSD,33515.35,34607.37,33333.33,34259.23,7.0231,COINBASE:ETHUSD,2110.56,2173.37,2081.51,2140.82,89.341,COINBASE:SOLUSD,31.716,32.551,31.368,32.2,229.085,COINBASE:UNIUSD,20.2555,20.9281,19.9954,20.6975,200.4096
2021-07-11,COINBASE:COMPUSD,436.66,444.51,402.04,412.14,27.149,COINBASE:SUSHIUSD,8.141,8.278,7.449,7.637,668.3785,COINBASE:LTCUSD,134.29,139.65,131.65,133.37,153.6525,COINBASE:ETCUSD,49.659,50.71,46.685,47.698,151.9733,COINBASE:DOGEUSD,0.216,0.2191,0.204,0.2078,78345.8998,COINBASE:STORJUSD,0.95,0.9509,0.8685,0.924,2234.3343,COINBASE:ADAUSD,1.3491,1.3747,1.2916,1.3129,28271.1945,COINBASE:BTCUSD,34259.22,34670.0,32665.0,33091.1,10.1453,COINBASE:ETHUSD,2141.45,2169.0,2002.0,2030.72,174.5614,COINBASE:SOLUSD,32.191,32.686,30.0,30.749,330.887,COINBASE:UNIUSD,20.6987,21.4038,19.1915,19.5288,674.6734
2021-07-12,COINBASE:COMPUSD,412.41,417.86,381.05,387.82,25.5947,COINBASE:SUSHIUSD,7.636,7.667,6.92,7.151,683.8396,COINBASE:LTCUSD,133.37,134.62,129.56,131.44,110.478,COINBASE:ETCUSD,47.666,48.157,45.0,45.504,143.8319,COINBASE:DOGEUSD,0.2078,0.2096,0.1975,0.2,95276.3738,COINBASE:STORJUSD,0.9219,0.9219,0.8498,0.9114,2153.9334,COINBASE:ADAUSD,1.3122,1.3202,1.25,1.2654,35873.2981,COINBASE:BTCUSD,33077.43,33337.61,32201.12,32734.14,9.4781,COINBASE:ETHUSD,2030.74,2047.72,1917.4,1940.76,217.8918,COINBASE:SOLUSD,30.792,31.09,28.831,29.15,338.7408,COINBASE:UNIUSD,19.5331,19.726,18.1336,18.4867,535.0613
2021-07-13,COINBASE:COMPUSD,387.65,424.24,359.7,410.06,42.6139,COINBASE:SUSHIUSD,7.14,7.351,6.729,7.145,831.1544,COINBASE:LTCUSD,131.43,132.39,123.86,131.02,121.9659,COINBASE:ETCUSD,45.493,47.793,42.52,45.54,240.4505,COINBASE:DOGEUSD,0.2,0.2047,0.1874,0.1976,140524.632,COINBASE:STORJUSD,0.9108,1.0358,0.9076,0.936,12479.1952,COINBASE:ADAUSD,1.2651,1.29,1.2,1.2633,42094.9841,COINBASE:BTCUSD,32734.14,33125.55,31600.0,32816.39,10.3553,COINBASE:ETHUSD,1940.34,2019.9,1865.5,1994.11,195.3515,COINBASE:SOLUSD,29.173,31.468,27.442,31.349,384.5596,COINBASE:UNIUSD,18.494,18.5374,16.7569,17.8921,937.9082
2021-07-14,COINBASE:COMPUSD,410.04,431.45,392.64,398.24,52.5127,COINBASE:SUSHIUSD,7.15,7.416,6.616,6.718,601.8446,COINBASE:LTCUSD,131.02,133.07,121.95,125.79,134.767,COINBASE:ETCUSD,45.54,47.144,42.24,43.157,209.501,COINBASE:DOGEUSD,0.1975,0.2008,0.1803,0.1853,123286.107,COINBASE:STORJUSD,0.9313,0.9357,0.8481,0.8886,4297.123,COINBASE:ADAUSD,1.2636,1.29,1.2051,1.2249,32055.8893,COINBASE:BTCUSD,32815.75,33187.6,31064.77,31868.68,11.2736,COINBASE:ETHUSD,1994.12,2039.99,1880.0,1918.07,229.4778,COINBASE:SOLUSD,31.33,31.5,28.0,28.594,488.2208,COINBASE:UNIUSD,17.8921,18.3855,16.8041,17.0505,554.5159
2021-07-15,COINBASE:COMPUSD,398.45,410.5,367.1,367.89,23.8156,COINBASE:SUSHIUSD,6.721,6.89,6.319,6.347,521.978,COINBASE:LTCUSD,125.92,127.82,120.44,120.68,130.5546,COINBASE:ETCUSD,43.174,43.845,40.613,41.148,167.4277,COINBASE:DOGEUSD,0.1853,0.1883,0.1711,0.1721,146625.046,COINBASE:STORJUSD,0.8902,0.8902,0.7968,0.8074,3338.9263,COINBASE:ADAUSD,1.2249,1.2452,1.1661,1.1714,36764.9086,COINBASE:BTCUSD,31872.49,32259.16,31025.42,31388.06,10.0065,COINBASE:ETHUSD,1918.99,1965.35,1850.15,1877.22,184.2217,COINBASE:SOLUSD,28.575,29.48,26.204,26.296,336.913,COINBASE:UNIUSD,17.0647,17.5908,15.9297,16.3449,516.5473
2021-07-16,COINBASE:COMPUSD,367.91,388.18,365.04,378.94,16.4444,COINBASE:SUSHIUSD,6.346,7.497,6.3,7.49,1685.5878,COINBASE:LTCUSD,120.71,122.95,117.73,120.02,108.8085,COINBASE:ETCUSD,41.137,43.363,40.284,41.447,156.4814,COINBASE:DOGEUSD,0.1721,0.2059,0.169,0.1876,283758.0451,COINBASE:STORJUSD,0.8066,0.8203,0.7657,0.792,2278.1232,COINBASE:ADAUSD,1.1714,1.1954,1.1503,1.173,30485.9967,COINBASE:BTCUSD,31389.57,31949.99,31179.01,31533.91,5.6956,COINBASE:ETHUSD,1877.22,1919.0,1847.0,1899.75,113.7243,COINBASE:SOLUSD,26.291,27.822,26.0,26.764,371.5018,COINBASE:UNIUSD,16.3606,16.7315,15.9491,16.1085,297.7973
2021-07-17,COINBASE:COMPUSD,378.97,398.73,371.37,378.98,11.8513,COINBASE:SUSHIUSD,7.491,7.965,7.027,7.086,766.6241,COINBASE:LTCUSD,120.04,124.1,116.37,119.13,103.7141,COINBASE:ETCUSD,41.402,43.272,40.973,41.874,103.474,COINBASE:DOGEUSD,0.1876,0.1963,0.1803,0.1817,140641.6388,COINBASE:STORJUSD,0.793,0.8188,0.7721,0.809,1253.146,COINBASE:ADAUSD,1.1731,1.2193,1.1674,1.1815,20204.0368,COINBASE:BTCUSD,31533.9,32450.0,31125.6,31788.25,5.0065,COINBASE:ETHUSD,1899.75,1994.4,1878.67,1891.46,124.6791,COINBASE:SOLUSD,26.743,27.753,26.265,26.702,187.6793,COINBASE:UNIUSD,16.1116,17.1722,16.0362,16.3096,278.6749
2021-07-18,COINBASE:COMPUSD,379.2,379.89,334.87,340.39,29.1312,COINBASE:SUSHIUSD,7.089,7.15,6.476,6.647,725.4961,COINBASE:LTCUSD,119.2,120.71,111.84,113.17,135.211,COINBASE:ETCUSD,41.9,43.924,40.576,41.572,309.8578,COINBASE:DOGEUSD,0.1817,0.1844,0.1704,0.1737,141656.3975,COINBASE:STORJUSD,0.8086,0.875,0.7672,0.7741,4697.6384,COINBASE:ADAUSD,1.1816,1.1922,1.1159,1.1226,38666.5301,COINBASE:BTCUSD,31786.37,31887.82,30429.99,30842.03,11.027,COINBASE:ETHUSD,1891.46,1918.65,1805.47,1818.44,191.6115,COINBASE:SOLUSD,26.696,26.711,24.0,24.524,704.2492,COINBASE:UNIUSD,16.3089,16.7789,15.4052,15.7385,670.1081
2021-07-19,COINBASE:COMPUSD,340.57,360.89,310.15,349.82,50.97,COINBASE:SUSHIUSD,6.651,6.751,6.027,6.295,1187.1855,COINBASE:LTCUSD,113.2,115.06,103.88,107.3,248.4134,COINBASE:ETCUSD,41.513,42.052,37.671,39.283,324.843,COINBASE:DOGEUSD,0.1738,0.18,0.16,0.1706,218925.7082,COINBASE:STORJUSD,0.7737,0.7871,0.6745,0.709,4008.1957,COINBASE:ADAUSD,1.1228,1.1365,1.025,1.0559,98783.7133,COINBASE:BTCUSD,30842.04,31052.65,29301.56,29796.16,18.1142,COINBASE:ETHUSD,1818.45,1840.79,1718.41,1786.46,278.9848,COINBASE:SOLUSD,24.539,24.993,22.139,23.472,684.9425,COINBASE:UNIUSD,15.7404,15.9692,14.4033,14.5585,1517.5188
2021-07-20,COINBASE:COMPUSD,349.93,399.0,337.95,377.31,43.9072,COINBASE:SUSHIUSD,6.291,7.18,6.132,7.089,882.0524,COINBASE:LTCUSD,107.3,119.22,105.08,117.83,203.8541,COINBASE:ETCUSD,39.262,43.8,38.605,42.903,283.8037,COINBASE:DOGEUSD,0.1706,0.215,0.1683,0.1905,485064.3876,COINBASE:STORJUSD,0.709,0.7695,0.6752,0.7666,4310.6987,COINBASE:ADAUSD,1.0559,1.2261,1.038,1.1703,67158.1807,COINBASE:BTCUSD,29796.15,32825.0,29501.02,32135.19,15.5985,COINBASE:ETHUSD,1786.51,2033.16,1754.27,1996.18,263.7025,COINBASE:SOLUSD,23.489,27.476,22.818,26.691,648.4331,COINBASE:UNIUSD,14.5593,16.877,14.02,16.7296,801.143
2021-07-21,COINBASE:COMPUSD,377.26,415.39,368.36,414.48,39.5048,COINBASE:SUSHIUSD,7.093,8.307,7.028,8.246,1475.3632,COINBASE:LTCUSD,117.77,122.1,115.63,120.74,121.7838,COINBASE:ETCUSD,42.913,44.189,41.935,43.389,175.1343,COINBASE:DOGEUSD,0.1906,0.1965,0.1863,0.1914,145232.8465,COINBASE:STORJUSD,0.7668,0.7861,0.7385,0.7844,2127.9854,COINBASE:ADAUSD,1.1713,1.209,1.1503,1.1858,32116.1112,COINBASE:BTCUSD,32152.68,32611.84,31729.68,32287.74,7.7047,COINBASE:ETHUSD,1996.21,2046.74,1948.68,2024.75,196.3555,COINBASE:SOLUSD,26.702,28.193,25.935,27.713,533.9941,COINBASE:UNIUSD,16.735,17.6202,16.0793,17.5854,738.8959
2021-07-22,COINBASE:COMPUSD,414.18,427.0,385.76,418.04,30.373,COINBASE:SUSHIUSD,8.237,8.612,7.653,8.605,1175.5188,COINBASE:LTCUSD,120.74,125.06,117.06,124.28,118.7151,COINBASE:ETCUSD,43.41,46.756,43.081,45.822,307.6551,COINBASE:DOGEUSD,0.1913,0.1996,0.1832,0.195,144665.3018,COINBASE:STORJUSD,0.785,0.8028,0.7479,0.7989,1739.2128,COINBASE:ADAUSD,1.1858,1.2086,1.1465,1.2079,36324.7046,COINBASE:BTCUSD,32287.75,33647.27,32000.0,33647.26,9.0049,COINBASE:ETHUSD,2024.75,2131.51,1995.0,2125.81,177.2782,COINBASE:SOLUSD,27.706,28.704,26.404,28.539,473.6825,COINBASE:UNIUSD,17.5854,18.696,16.9463,18.5978,769.0959
2021-07-23,COINBASE:COMPUSD,418.19,428.56,401.27,410.41,25.69,COINBASE:SUSHIUSD,8.605,8.614,7.879,8.03,965.5124,COINBASE:LTCUSD,124.3,127.82,123.37,126.12,135.3896,COINBASE:ETCUSD,45.827,51.75,44.962,49.505,346.1213,COINBASE:DOGEUSD,0.1951,0.2046,0.1913,0.1971,165000.7953,COINBASE:STORJUSD,0.7995,0.8562,0.7848,0.8298,2836.2485,COINBASE:ADAUSD,1.208,1.2499,1.1971,1.2345,34456.2988,COINBASE:BTCUSD,33647.27,34525.0,33424.7,34283.01,9.8648,COINBASE:ETHUSD,2125.82,2200.0,2107.13,2185.95,151.1025,COINBASE:SOLUSD,28.554,29.508,28.036,28.65,407.7019,COINBASE:UNIUSD,18.6056,18.9452,18.0387,18.2573,525.3845
2021-07-24,COINBASE:COMPUSD,410.15,413.08,370.11,391.59,34.6613,COINBASE:SUSHIUSD,8.034,8.341,7.76,8.335,895.1322,COINBASE:LTCUSD,126.09,128.12,123.62,127.75,127.9523,COINBASE:ETCUSD,49.532,49.854,45.896,48.461,264.6673,COINBASE:DOGEUSD,0.1971,0.2009,0.1912,0.1981,121896.004,COINBASE:STORJUSD,0.8311,0.8416,0.7921,0.8352,2190.4783,COINBASE:ADAUSD,1.2341,1.24,1.1909,1.2295,28499.6313,COINBASE:BTCUSD,34291.67,35451.04,33888.89,35428.26,9.4346,COINBASE:ETHUSD,2186.76,2197.05,2108.08,2193.03,129.014,COINBASE:SOLUSD,28.652,28.896,26.556,28.253,450.1797,COINBASE:UNIUSD,18.2681,18.452,17.2577,18.2936,512.3939
2021-07-25,COINBASE:COMPUSD,391.68,438.0,385.01,392.15,72.4948,COINBASE:SUSHIUSD,8.329,9.63,8.256,8.273,2719.5344,COINBASE:LTCUSD,127.74,140.43,127.03,131.11,359.5414,COINBASE:ETCUSD,48.456,55.878,47.511,48.393,736.1184,COINBASE:DOGEUSD,0.1981,0.2332,0.1968,0.2039,626081.6309,COINBASE:STORJUSD,0.8359,0.9567,0.8311,0.8558,7712.9439,COINBASE:ADAUSD,1.2296,1.4,1.2233,1.2554,115870.9449,COINBASE:BTCUSD,35428.25,40593.93,35251.54,37262.77,40.3546,COINBASE:ETHUSD,2192.38,2437.99,2172.99,2228.26,427.7631,COINBASE:SOLUSD,28.26,31.103,27.883,28.196,1209.1884,COINBASE:UNIUSD,18.2806,20.3128,18.1898,18.5299,1163.6906
2021-07-26,COINBASE:COMPUSD,391.83,407.76,375.32,392.7,42.9347,COINBASE:SUSHIUSD,8.287,8.55,7.817,8.201,1345.9046,COINBASE:LTCUSD,131.09,135.19,127.43,134.74,247.0016,COINBASE:ETCUSD,48.36,50.401,46.15,49.474,333.3841,COINBASE:DOGEUSD,0.2039,0.2096,0.1952,0.2059,226006.0968,COINBASE:STORJUSD,0.8565,0.9981,0.8537,0.9243,12430.4141,COINBASE:ADAUSD,1.2556,1.317,1.214,1.2807,52836.4297,COINBASE:BTCUSD,37262.76,39550.0,36413.26,39470.48,24.7091,COINBASE:ETHUSD,2228.71,2321.0,2152.0,2300.59,253.783,COINBASE:SOLUSD,28.2,29.013,26.909,28.158,704.0297,COINBASE:UNIUSD,18.5097,19.2524,17.7239,18.8979,665.4886
2021-07-27,COINBASE:COMPUSD,392.49,400.63,380.8,388.44,35.1114,COINBASE:SUSHIUSD,8.194,8.507,8.025,8.158,879.3876,COINBASE:LTCUSD,134.75,142.07,132.43,140.47,286.5284,COINBASE:ETCUSD,49.482,51.091,47.749,49.305,220.3587,COINBASE:DOGEUSD,0.2058,0.2138,0.2016,0.2059,186971.2517,COINBASE:STORJUSD,0.9248,1.1186,0.9244,1.0231,15109.7538,COINBASE:ADAUSD,1.2805,1.3183,1.258,1.288,40890.9989,COINBASE:BTCUSD,39475.99,40925.56,38803.34,40035.1,27.1983,COINBASE:ETHUSD,2300.28,2347.88,2245.1,2300.42,205.8332,COINBASE:SOLUSD,28.152,28.782,27.38,27.899,600.059,COINBASE:UNIUSD,18.8998,19.4577,18.5355,19.0547,734.1983
2021-07-28,COINBASE:COMPUSD,388.39,402.0,378.26,396.54,25.6291,COINBASE:SUSHIUSD,8.165,8.287,7.986,8.18,552.9686,COINBASE:LTCUSD,140.48,143.0,136.63,141.52,177.6786,COINBASE:ETCUSD,49.278,49.992,48.325,49.35,156.9052,COINBASE:DOGEUSD,0.2057,0.2066,0.2004,0.2049,108693.0574,COINBASE:STORJUSD,1.0218,1.0226,0.9577,1.0105,4182.467,COINBASE:ADAUSD,1.288,1.2986,1.2576,1.286,31307.9559,COINBASE:BTCUSD,40035.1,40644.85,39229.47,40039.44,11.0224,COINBASE:ETHUSD,2300.76,2399.99,2267.78,2383.32,172.9257,COINBASE:SOLUSD,27.894,31.935,27.33,31.295,604.8015,COINBASE:UNIUSD,19.0693,19.8022,18.6215,19.5899,570.9135
2021-07-29,COINBASE:COMPUSD,396.75,412.11,382.3,404.33,27.7504,COINBASE:SUSHIUSD,8.191,8.531,7.853,8.472,812.1505,COINBASE:LTCUSD,141.57,145.93,135.92,145.62,192.0354,COINBASE:ETCUSD,49.343,51.511,47.412,50.984,284.74,COINBASE:DOGEUSD,0.2048,0.2107,0.196,0.2089,168695.1174,COINBASE:STORJUSD,1.0097,1.021,0.9311,1.019,2722.5652,COINBASE:ADAUSD,1.2856,1.3183,1.2489,1.3115,38616.7821,COINBASE:BTCUSD,40039.44,42320.57,38342.0,42237.95,15.0632,COINBASE:ETHUSD,2383.47,2474.82,2317.51,2463.9,222.1408,COINBASE:SOLUSD,31.309,33.082,29.998,32.41,995.6588,COINBASE:UNIUSD,19.5888,21.0525,19.3813,20.9374,1279.3847
2021-07-30,COINBASE:COMPUSD,404.69,410.49,393.59,406.15,15.1581,COINBASE:SUSHIUSD,8.469,9.024,8.217,8.878,917.5626,COINBASE:LTCUSD,145.61,146.68,141.95,144.43,130.1096,COINBASE:ETCUSD,51.03,52.38,49.642,51.317,250.3039,COINBASE:DOGEUSD,0.209,0.2146,0.205,0.2079,108532.6772,COINBASE:STORJUSD,1.0185,1.0659,0.9877,1.0432,3069.5623,COINBASE:ADAUSD,1.3119,1.3339,1.2886,1.3206,34186.2359,COINBASE:BTCUSD,42233.66,42414.61,41064.11,41495.01,9.352,COINBASE:ETHUSD,2463.88,2555.0,2422.31,2533.74,134.5491,COINBASE:SOLUSD,32.389,37.0,31.705,36.759,906.6184,COINBASE:UNIUSD,20.9384,21.9678,20.7061,21.7652,589.0506
2021-07-31,COINBASE:COMPUSD,406.3,425.63,392.13,408.9,31.2401,COINBASE:SUSHIUSD,8.876,9.203,8.367,8.495,1031.9905,COINBASE:LTCUSD,144.46,149.87,138.14,140.28,187.7964,COINBASE:ETCUSD,51.309,54.2,49.269,50.281,326.2817,COINBASE:DOGEUSD,0.2079,0.2181,0.201,0.2043,172196.4204,COINBASE:STORJUSD,1.0427,1.2128,1.0214,1.0379,13328.2729,COINBASE:ADAUSD,1.3211,1.3893,1.3,1.3147,57836.0992,COINBASE:BTCUSD,41499.0,42605.64,39426.0,39865.41,10.6177,COINBASE:ETHUSD,2533.54,2699.0,2511.5,2555.43,260.7421,COINBASE:SOLUSD,36.8,36.866,33.276,34.198,659.6107,COINBASE:UNIUSD,21.7811,23.2205,21.5713,21.9968,817.7245
2021-08-01,COINBASE:COMPUSD,409.18,426.76,393.52,407.28,31.307,COINBASE:SUSHIUSD,8.469,8.712,8.288,8.351,408.7371,COINBASE:LTCUSD,140.31,145.91,138.81,141.36,183.457,COINBASE:ETCUSD,50.269,52.249,49.327,51.29,182.3758,COINBASE:DOGEUSD,0.2043,0.2099,0.2016,0.2034,107019.7634,COINBASE:STORJUSD,1.0371,1.0518,0.9976,1.0313,4133.9685,COINBASE:ADAUSD,1.3141,1.3504,1.2941,1.3078,40273.9453,COINBASE:BTCUSD,39859.18,40459.68,38690.0,39149.59,12.3794,COINBASE:ETHUSD,2555.99,2666.36,2503.7,2608.12,234.2645,COINBASE:SOLUSD,34.162,35.93,33.03,33.187,731.1917,COINBASE:UNIUSD,21.9729,23.0983,21.41,22.363,669.4662
2021-08-02,COINBASE:COMPUSD,407.28,408.72,385.57,396.57,19.3962,COINBASE:SUSHIUSD,8.352,8.469,7.878,8.08,549.3878,COINBASE:LTCUSD,141.35,143.26,135.69,138.48,123.5135,COINBASE:ETCUSD,51.298,52.188,48.462,49.356,191.3365,COINBASE:DOGEUSD,0.2034,0.2051,0.1932,0.1962,135048.4999,COINBASE:STORJUSD,1.0313,1.0382,0.9655,1.018,2713.5661,COINBASE:ADAUSD,1.3082,1.3815,1.262,1.3692,58921.7355,COINBASE:BTCUSD,39149.59,39785.3,37627.21,38191.44,15.0948,COINBASE:ETHUSD,2608.12,2633.0,2445.58,2508.31,237.8141,COINBASE:SOLUSD,33.227,35.878,32.36,34.116,795.9035,COINBASE:UNIUSD,22.369,22.7412,20.6807,21.3267,651.5677
2021-08-03,COINBASE:COMPUSD,396.26,472.79,391.1,464.06,46.7174,COINBASE:SUSHIUSD,8.095,8.879,7.95,8.753,546.5947,COINBASE:LTCUSD,138.47,144.5,135.54,142.54,147.7758,COINBASE:ETCUSD,49.356,52.224,48.5,51.523,206.0153,COINBASE:DOGEUSD,0.1963,0.2032,0.1943,0.2014,108608.8488,COINBASE:STORJUSD,1.0187,1.1669,1.0187,1.0953,5937.7544,COINBASE:ADAUSD,1.3689,1.3935,1.3229,1.3767,47303.2883,COINBASE:BTCUSD,38189.4,39965.1,37509.0,39722.41,15.3277,COINBASE:ETHUSD,2508.16,2771.42,2455.94,2724.71,250.1296,COINBASE:SOLUSD,34.116,36.662,33.268,35.794,733.1148,COINBASE:UNIUSD,21.3308,23.7317,20.7677,23.5377,945.8751
2021-08-04,COINBASE:COMPUSD,464.14,494.73,436.42,475.53,50.1751,COINBASE:SUSHIUSD,8.76,9.662,8.187,9.642,1320.6379,COINBASE:LTCUSD,142.54,145.25,136.25,143.59,196.5518,COINBASE:ETCUSD,51.55,53.478,48.812,52.423,341.9805,COINBASE:DOGEUSD,0.2015,0.2024,0.1944,0.201,128633.5799,COINBASE:STORJUSD,1.0945,1.1061,1.0245,1.1023,3099.884,COINBASE:ADAUSD,1.3763,1.3987,1.3384,1.3867,44521.0296,COINBASE:BTCUSD,39718.9,41447.89,37300.0,40888.74,28.5079,COINBASE:ETHUSD,2724.71,2845.0,2530.69,2829.35,326.177,COINBASE:SOLUSD,35.779,38.28,35.483,37.398,830.9641,COINBASE:UNIUSD,23.5213,25.5733,22.08,25.4543,938.314
2021-08-05,COINBASE:COMPUSD,475.37,485.14,450.0,466.74,25.5746,COINBASE:SUSHIUSD,9.652,10.126,9.0,9.821,1162.0052,COINBASE:LTCUSD,143.6,150.96,141.95,148.09,217.7276,COINBASE:ETCUSD,52.422,53.65,51.225,53.11,291.7196,COINBASE:DOGEUSD,0.2011,0.2121,0.1984,0.2049,180216.9959,COINBASE:STORJUSD,1.1003,1.1541,1.0646,1.1499,3156.2932,COINBASE:ADAUSD,1.3867,1.4261,1.3622,1.4032,51652.2055,COINBASE:BTCUSD,40888.73,43399.26,39876.74,42869.58,20.4251,COINBASE:ETHUSD,2829.49,2949.21,2721.0,2892.98,283.3744,COINBASE:SOLUSD,37.427,40.453,35.672,39.513,709.5765,COINBASE:UNIUSD,25.4413,26.9574,24.5488,26.1794,842.2456
2021-08-06,COINBASE:COMPUSD,466.55,508.08,461.1,508.0,30.5924,COINBASE:SUSHIUSD,9.825,10.7,9.719,10.365,1674.357,COINBASE:LTCUSD,148.06,156.53,147.2,156.05,208.1336,COINBASE:ETCUSD,53.097,61.301,52.561,60.739,796.9925,COINBASE:DOGEUSD,0.2049,0.2634,0.2036,0.2622,800423.6785,COINBASE:STORJUSD,1.1509,1.1894,1.1126,1.1894,3692.3163,COINBASE:ADAUSD,1.403,1.4866,1.3959,1.4744,62478.7144,COINBASE:BTCUSD,42869.59,44750.0,42457.27,44637.34,19.6348,COINBASE:ETHUSD,2892.83,3173.72,2866.58,3163.09,299.3594,COINBASE:SOLUSD,39.52,40.496,37.571,39.516,600.8467,COINBASE:UNIUSD,26.1966,29.0255,25.8211,28.3322,956.1084
2021-08-07,COINBASE:COMPUSD,507.87,513.11,457.35,467.49,27.306,COINBASE:SUSHIUSD,10.367,10.497,9.227,9.403,1468.1246,COINBASE:LTCUSD,156.06,157.72,147.09,149.88,188.8418,COINBASE:ETCUSD,60.735,63.344,55.811,57.142,647.1386,COINBASE:DOGEUSD,0.2622,0.284,0.2347,0.24,951623.526,COINBASE:STORJUSD,1.1894,1.2074,1.0707,1.1201,3626.7405,COINBASE:ADAUSD,1.4743,1.4952,1.4075,1.4268,49197.8277,COINBASE:BTCUSD,44628.11,45363.83,43131.97,43829.14,18.7123,COINBASE:ETHUSD,3163.09,3191.99,2948.76,3014.13,244.6545,COINBASE:SOLUSD,39.506,39.594,36.92,37.689,383.2413,COINBASE:UNIUSD,28.3281,28.722,25.9779,26.72,757.7339
2021-08-08,COINBASE:COMPUSD,467.99,487.81,444.9,467.48,22.736,COINBASE:SUSHIUSD,9.401,10.147,9.046,9.812,1799.02,COINBASE:LTCUSD,149.81,171.0,145.36,166.42,376.8078,COINBASE:ETCUSD,57.128,60.401,54.877,59.045,400.2305,COINBASE:DOGEUSD,0.24,0.267,0.2302,0.2562,653554.6056,COINBASE:STORJUSD,1.1204,1.1672,1.0586,1.161,2684.0496,COINBASE:ADAUSD,1.4265,1.5,1.3921,1.4752,58582.5488,COINBASE:BTCUSD,43829.15,46497.42,42821.3,46285.48,19.4647,COINBASE:ETHUSD,3014.12,3190.0,2892.5,3162.34,315.8533,COINBASE:SOLUSD,37.69,40.023,36.382,38.676,480.5755,COINBASE:UNIUSD,26.7239,28.7948,25.3967,28.3578,723.1049
2021-08-09,COINBASE:COMPUSD,467.03,484.98,459.39,472.9,12.7581,COINBASE:SUSHIUSD,9.818,10.643,9.592,10.367,1637.8616,COINBASE:LTCUSD,166.31,168.42,158.86,165.45,232.1498,COINBASE:ETCUSD,59.032,60.332,56.971,58.839,283.6688,COINBASE:DOGEUSD,0.2561,0.2633,0.2452,0.2575,453814.3234,COINBASE:STORJUSD,1.1602,1.1774,1.098,1.1713,4113.809,COINBASE:ADAUSD,1.4752,1.701,1.4581,1.6788,108187.2753,COINBASE:BTCUSD,46280.0,46718.44,44650.27,45595.66,13.6022,COINBASE:ETHUSD,3162.33,3235.1,3051.0,3142.09,220.8595,COINBASE:SOLUSD,38.679,41.768,38.222,40.691,637.8573,COINBASE:UNIUSD,28.3579,30.2308,28.19,28.7589,936.8294
2021-08-10,COINBASE:COMPUSD,473.11,498.0,463.87,468.07,29.7421,COINBASE:SUSHIUSD,10.373,12.161,10.35,11.211,2173.8333,COINBASE:LTCUSD,165.43,176.1,164.3,170.79,261.6158,COINBASE:ETCUSD,58.86,63.922,58.589,60.793,488.61,COINBASE:DOGEUSD,0.2576,0.2829,0.2565,0.2647,651381.0874,COINBASE:STORJUSD,1.1719,1.2885,1.1504,1.2189,6540.4593,COINBASE:ADAUSD,1.6788,1.898,1.6708,1.7948,184511.0256,COINBASE:BTCUSD,45601.82,46781.09,45350.74,45553.49,11.5147,COINBASE:ETHUSD,3142.18,3275.0,3122.22,3162.61,192.019,COINBASE:SOLUSD,40.691,43.749,40.634,41.65,697.9145,COINBASE:UNIUSD,28.7696,30.4202,28.7268,28.989,751.0906
2021-08-11,COINBASE:COMPUSD,468.07,482.09,440.25,454.06,31.0804,COINBASE:SUSHIUSD,11.216,12.19,10.521,12.152,2365.6173,COINBASE:LTCUSD,170.72,179.79,160.83,165.51,274.4604,COINBASE:ETCUSD,60.749,65.866,57.572,60.035,771.6393,COINBASE:DOGEUSD,0.2646,0.2948,0.2516,0.264,740879.1003,COINBASE:STORJUSD,1.2186,1.258,1.111,1.1592,3776.1122,COINBASE:ADAUSD,1.7946,1.8694,1.68,1.8349,125715.1838,COINBASE:BTCUSD,45553.1,46223.95,43714.36,44422.14,12.9832,COINBASE:ETHUSD,3162.16,3239.69,2980.0,3047.21,241.6084,COINBASE:SOLUSD,41.653,43.49,39.286,41.102,770.0779,COINBASE:UNIUSD,28.9625,29.9114,26.866,28.1246,825.4117
2021-08-12,COINBASE:COMPUSD,454.06,484.8,450.16,484.42,22.3652,COINBASE:SUSHIUSD,12.162,12.597,11.796,12.575,1534.7873,COINBASE:LTCUSD,165.53,184.7,163.95,183.42,323.6204,COINBASE:ETCUSD,60.022,64.451,59.38,64.32,356.6927,COINBASE:DOGEUSD,0.2642,0.2877,0.2616,0.287,475193.5792,COINBASE:STORJUSD,1.1606,1.2676,1.1328,1.2607,3608.0566,COINBASE:ADAUSD,1.8351,2.15,1.8211,2.1398,202375.9954,COINBASE:BTCUSD,44422.15,47953.9,44249.64,47833.64,11.3303,COINBASE:ETHUSD,3047.21,3330.0,3034.52,3324.51,186.8419,COINBASE:SOLUSD,41.126,44.963,40.702,44.9,885.394,COINBASE:UNIUSD,28.1231,30.6227,27.8506,30.5039,875.7917
2021-08-13,COINBASE:COMPUSD,483.98,485.99,456.15,477.63,27.0181,COINBASE:SUSHIUSD,12.581,12.866,11.812,12.226,787.5257,COINBASE:LTCUSD,183.43,185.11,174.82,182.98,217.1415,COINBASE:ETCUSD,64.298,67.595,61.744,67.248,469.6973,COINBASE:DOGEUSD,0.287,0.2988,0.276,0.2939,550793.9628,COINBASE:STORJUSD,1.2602,1.3581,1.1889,1.3454,4932.7201,COINBASE:ADAUSD,2.1398,2.25,2.0839,2.1906,146891.829,COINBASE:BTCUSD,47833.64,48149.54,46034.93,47109.65,7.5293,COINBASE:ETHUSD,3324.51,3333.0,3206.96,3266.52,114.1481,COINBASE:SOLUSD,44.885,44.906,42.8,44.187,345.9624,COINBASE:UNIUSD,30.5247,30.6611,28.7353,30.1454,713.9335
2021-08-14,COINBASE:COMPUSD,477.77,492.3,448.31,489.0,25.621,COINBASE:SUSHIUSD,12.216,12.734,11.519,12.63,1115.2453,COINBASE:LTCUSD,182.92,186.65,175.7,184.76,218.4973,COINBASE:ETCUSD,67.279,77.376,67.0,75.072,1158.1412,COINBASE:DOGEUSD,0.2939,0.35,0.2875,0.3403,1103457.6674,COINBASE:STORJUSD,1.3442,1.3496,1.2457,1.3464,5551.711,COINBASE:ADAUSD,2.1906,2.2499,2.0327,2.1686,113487.7046,COINBASE:BTCUSD,47109.64,47400.0,45555.84,47014.49,7.5857,COINBASE:ETHUSD,3266.52,3323.54,3112.96,3310.93,159.285,COINBASE:SOLUSD,44.175,54.778,43.427,53.556,1987.1356,COINBASE:UNIUSD,30.1441,30.479,28.2969,30.2795,400.8617
2021-08-15,COINBASE:COMPUSD,489.17,530.0,467.92,469.2,51.3795,COINBASE:SUSHIUSD,12.625,13.44,11.95,12.558,2393.9585,COINBASE:LTCUSD,184.76,189.12,176.65,177.94,262.6069,COINBASE:ETCUSD,75.105,75.916,65.0,69.052,571.3304,COINBASE:DOGEUSD,0.3404,0.3519,0.31,0.3194,902472.9678,COINBASE:STORJUSD,1.3462,1.4383,1.3115,1.3195,6612.1009,COINBASE:ADAUSD,2.1684,2.1968,2.0475,2.0725,91595.2225,COINBASE:BTCUSD,47014.38,48076.52,45676.91,45902.46,10.1687,COINBASE:ETHUSD,3311.02,3341.47,3135.0,3146.6,172.7216,COINBASE:SOLUSD,53.565,69.494,52.3,62.055,3950.9581,COINBASE:UNIUSD,30.2979,31.2618,29.0114,29.0762,736.7722
2021-08-16,COINBASE:COMPUSD,468.58,517.0,441.69,446.76,46.2786,COINBASE:SUSHIUSD,12.555,14.452,12.067,12.575,3785.08,COINBASE:LTCUSD,177.93,184.45,168.0,168.54,271.6063,COINBASE:ETCUSD,69.016,71.751,61.23,62.913,565.4669,COINBASE:DOGEUSD,0.3194,0.34,0.2942,0.2993,763063.7307,COINBASE:STORJUSD,1.3182,1.3589,1.203,1.2229,4636.5882,COINBASE:ADAUSD,2.0717,2.1413,1.906,1.9223,141014.2468,COINBASE:BTCUSD,45903.22,47174.62,44405.39,44671.58,12.5175,COINBASE:ETHUSD,3146.6,3293.15,2992.15,3011.01,244.1699,COINBASE:SOLUSD,62.087,75.0,58.677,64.169,4623.6426,COINBASE:UNIUSD,29.0595,30.8149,25.8759,26.3942,1404.1794
2021-08-17,COINBASE:COMPUSD,446.98,459.81,420.36,435.24,38.0576,COINBASE:SUSHIUSD,12.58,13.368,12.03,12.534,2289.5096,COINBASE:LTCUSD,168.55,174.58,162.93,166.45,245.1889,COINBASE:ETCUSD,62.922,66.213,59.698,63.811,613.9042,COINBASE:DOGEUSD,0.2993,0.326,0.2783,0.3024,881310.0715,COINBASE:STORJUSD,1.2235,1.2586,1.1415,1.1864,6428.572,COINBASE:ADAUSD,1.9233,2.165,1.8703,2.1041,150126.8246,COINBASE:BTCUSD,44675.34,46035.27,44216.47,44701.99,10.1248,COINBASE:ETHUSD,3011.77,3126.51,2951.0,3012.14,191.7232,COINBASE:SOLUSD,64.209,80.55,59.772,72.776,5265.5133,COINBASE:UNIUSD,26.4061,27.3797,25.45,26.2507,1202.3952
2021-08-18,COINBASE:COMPUSD,435.8,458.7,419.52,457.94,22.8867,COINBASE:SUSHIUSD,12.562,14.245,12.052,14.02,1673.4045,COINBASE:LTCUSD,166.73,175.9,162.66,175.57,208.6846,COINBASE:ETCUSD,63.905,67.031,60.666,67.015,349.6472,COINBASE:DOGEUSD,0.3034,0.3192,0.2937,0.3176,462993.5446,COINBASE:STORJUSD,1.189,1.264,1.1503,1.2579,2973.4695,COINBASE:ADAUSD,2.1066,2.4494,2.0473,2.4411,230385.6716,COINBASE:BTCUSD,44720.47,47088.08,43955.0,46765.87,11.6763,COINBASE:ETHUSD,3015.88,3187.48,2960.0,3184.21,159.0323,COINBASE:SOLUSD,72.729,75.496,68.339,72.831,2769.2306,COINBASE:UNIUSD,26.3168,27.98,25.3002,27.9786,882.603
2021-08-19,COINBASE:COMPUSD,458.16,492.88,451.34,479.99,30.4569,COINBASE:SUSHIUSD,14.029,14.697,13.538,14.684,1242.3201,COINBASE:LTCUSD,175.57,184.03,174.12,183.67,186.3735,COINBASE:ETCUSD,66.99,70.685,66.001,70.2,421.0981,COINBASE:DOGEUSD,0.3178,0.3349,0.3136,0.3273,385823.0648,COINBASE:STORJUSD,1.2567,1.325,1.235,1.3031,3755.9344,COINBASE:ADAUSD,2.441,2.5832,2.3713,2.4567,211738.0179,COINBASE:BTCUSD,46769.02,49400.0,46644.95,49342.4,12.8019,COINBASE:ETHUSD,3184.32,3300.0,3178.65,3286.58,168.9596,COINBASE:SOLUSD,72.803,80.0,70.926,78.746,2221.3652,COINBASE:UNIUSD,27.9794,29.1999,27.5161,28.8726,650.4253
2021-08-20,COINBASE:COMPUSD,480.21,484.21,456.37,462.88,20.7531,COINBASE:SUSHIUSD,14.684,14.85,13.503,13.694,2418.5981,COINBASE:LTCUSD,183.7,184.5,176.92,179.83,160.9452,COINBASE:ETCUSD,70.229,70.344,66.87,67.563,249.6448,COINBASE:DOGEUSD,0.3276,0.3296,0.3145,0.3173,277018.8809,COINBASE:STORJUSD,1.3038,1.3623,1.2638,1.3439,3858.9279,COINBASE:ADAUSD,2.457,2.5295,2.3862,2.4377,82859.5095,COINBASE:BTCUSD,49349.99,49821.92,48285.28,48867.02,9.4831,COINBASE:ETHUSD,3286.82,3311.0,3206.96,3226.73,107.4625,COINBASE:SOLUSD,78.72,82.044,72.691,73.937,1558.5084,COINBASE:UNIUSD,28.8938,29.7361,28.2078,28.2502,514.9962
2021-08-21,COINBASE:COMPUSD,462.61,482.9,446.66,460.17,17.5215,COINBASE:SUSHIUSD,13.689,14.056,13.065,13.801,916.3028,COINBASE:LTCUSD,179.72,189.81,178.71,185.97,241.5685,COINBASE:ETCUSD,67.542,68.63,64.765,67.4,202.4707,COINBASE:DOGEUSD,0.3171,0.3217,0.3052,0.3149,199577.7055,COINBASE:STORJUSD,1.3437,1.3598,1.2697,1.3422,3370.9853,COINBASE:ADAUSD,2.4366,2.7238,2.4333,2.711,137277.341,COINBASE:BTCUSD,48870.21,49526.13,48102.89,49284.63,6.2074,COINBASE:ETHUSD,3226.38,3275.0,3128.82,3241.42,97.77,COINBASE:SOLUSD,73.896,77.64,71.321,72.809,917.5906,COINBASE:UNIUSD,28.2509,29.2004,27.1997,28.4232,520.776
2021-08-22,COINBASE:COMPUSD,460.01,484.76,456.03,465.61,22.3225,COINBASE:SUSHIUSD,13.794,14.185,13.549,13.805,790.3491,COINBASE:LTCUSD,185.97,191.8,183.55,187.08,232.4349,COINBASE:ETCUSD,67.404,69.539,66.683,68.217,289.063,COINBASE:DOGEUSD,0.3149,0.328,0.3128,0.3179,309360.0089,COINBASE:STORJUSD,1.3422,1.4361,1.3287,1.41,5643.3661,COINBASE:ADAUSD,2.71,2.97,2.689,2.9179,204754.8653,COINBASE:BTCUSD,49284.38,50505.0,49012.84,49506.5,10.3943,COINBASE:ETHUSD,3241.41,3378.6,3233.19,3323.12,166.9604,COINBASE:SOLUSD,72.811,76.783,71.548,75.655,1349.4169,COINBASE:UNIUSD,28.4234,29.658,28.39,28.7861,428.5145
2021-08-23,COINBASE:COMPUSD,465.29,470.27,412.61,423.7,36.0469,COINBASE:SUSHIUSD,13.784,13.936,12.206,12.311,1470.4028,COINBASE:LTCUSD,186.97,188.68,172.65,173.54,195.1985,COINBASE:ETCUSD,68.202,68.596,61.108,62.812,344.045,COINBASE:DOGEUSD,0.3179,0.3196,0.2786,0.2888,397319.8423,COINBASE:STORJUSD,1.41,1.4698,1.277,1.313,5344.1665,COINBASE:ADAUSD,2.9176,2.9496,2.5924,2.7209,209274.9332,COINBASE:BTCUSD,49504.53,49875.9,47600.0,47682.45,11.6289,COINBASE:ETHUSD,3322.76,3360.0,3133.45,3171.52,157.3325,COINBASE:SOLUSD,75.655,79.467,68.676,70.591,2169.9047,COINBASE:UNIUSD,28.8082,29.2409,26.516,26.6335,589.3974
2021-08-24,COINBASE:COMPUSD,423.21,438.09,411.49,435.62,23.5801,COINBASE:SUSHIUSD,12.306,12.634,11.544,12.257,1713.1552,COINBASE:LTCUSD,173.4,178.95,169.21,177.98,162.9413,COINBASE:ETCUSD,62.723,64.833,60.899,63.752,255.2769,COINBASE:DOGEUSD,0.2888,0.297,0.2795,0.2924,250182.767,COINBASE:STORJUSD,1.313,1.3931,1.2433,1.3926,3017.5635,COINBASE:ADAUSD,2.7209,2.8,2.604,2.7402,125308.2921,COINBASE:BTCUSD,47682.45,49277.0,47122.02,48987.33,9.1872,COINBASE:ETHUSD,3170.94,3249.0,3079.92,3228.51,136.5733,COINBASE:SOLUSD,70.503,72.82,66.151,71.986,1659.3431,COINBASE:UNIUSD,26.5945,27.4506,25.6997,27.0715,575.063
2021-08-25,COINBASE:COMPUSD,435.45,439.0,400.37,404.77,24.1021,COINBASE:SUSHIUSD,12.251,12.51,11.184,11.615,1690.5196,COINBASE:LTCUSD,177.87,180.36,165.11,167.74,192.568,COINBASE:ETCUSD,63.72,64.377,58.698,59.761,314.8463,COINBASE:DOGEUSD,0.2926,0.2962,0.2643,0.2684,335707.7427,COINBASE:STORJUSD,1.3932,1.6882,1.3932,1.4035,12346.625,COINBASE:ADAUSD,2.7406,2.785,2.4701,2.5301,165729.2263,COINBASE:BTCUSD,48991.57,49365.1,46315.48,46851.47,11.4686,COINBASE:ETHUSD,3228.51,3251.05,3056.0,3093.2,138.9617,COINBASE:SOLUSD,72.0,78.372,66.254,74.823,3098.5016,COINBASE:UNIUSD,27.0623,27.6678,25.024,25.5302,667.1931
2021-08-26,COINBASE:COMPUSD,405.45,425.93,390.02,421.27,22.5399,COINBASE:SUSHIUSD,11.62,12.276,11.247,12.218,1576.2151,COINBASE:LTCUSD,167.71,176.4,165.12,176.32,200.8263,COINBASE:ETCUSD,59.77,64.23,58.681,64.11,228.1499,COINBASE:DOGEUSD,0.2684,0.2953,0.265,0.2948,252555.095,COINBASE:STORJUSD,1.4034,1.4653,1.3051,1.4642,3963.6988,COINBASE:ADAUSD,2.5313,2.9485,2.4968,2.9477,171205.9259,COINBASE:BTCUSD,46851.47,49185.12,46361.01,49077.57,8.8485,COINBASE:ETHUSD,3092.71,3283.26,3050.0,3274.67,168.0482,COINBASE:SOLUSD,74.905,88.881,72.577,88.053,2927.8479,COINBASE:UNIUSD,25.528,27.4927,25.0315,27.4246,570.9334
2021-08-27,COINBASE:COMPUSD,421.28,426.08,410.48,414.16,17.8719,COINBASE:SUSHIUSD,12.224,12.303,11.607,11.82,751.2788,COINBASE:LTCUSD,176.37,177.15,171.21,175.75,159.2742,COINBASE:ETCUSD,64.173,66.595,62.868,64.225,276.4371,COINBASE:DOGEUSD,0.2946,0.2998,0.2831,0.2863,153410.0117,COINBASE:STORJUSD,1.4653,1.5632,1.3932,1.5247,4106.0111,COINBASE:ADAUSD,2.9485,2.95,2.7757,2.8494,91912.8224,COINBASE:BTCUSD,49081.08,49309.83,48370.0,48942.94,4.8796,COINBASE:ETHUSD,3275.32,3290.51,3212.01,3247.99,72.0597,COINBASE:SOLUSD,88.087,98.0,85.634,96.246,2083.0868,COINBASE:UNIUSD,27.437,27.6149,26.65,26.8274,297.9613
2021-08-28,COINBASE:COMPUSD,414.77,427.34,400.0,418.74,20.6586,COINBASE:SUSHIUSD,11.824,12.059,11.26,11.612,705.3385,COINBASE:LTCUSD,175.78,182.75,173.18,174.48,243.3927,COINBASE:ETCUSD,64.241,65.709,62.831,63.265,183.5727,COINBASE:DOGEUSD,0.2863,0.2922,0.2766,0.2813,237566.5854,COINBASE:STORJUSD,1.5241,1.5966,1.4321,1.5944,2559.0251,COINBASE:ADAUSD,2.8494,2.9371,2.7235,2.853,97579.2893,COINBASE:BTCUSD,48942.89,49667.1,47801.0,48802.58,6.8204,COINBASE:ETHUSD,3247.99,3287.73,3153.75,3226.46,88.3572,COINBASE:SOLUSD,96.254,97.836,90.403,94.287,1380.2766,COINBASE:UNIUSD,26.8483,27.683,26.1954,26.809,570.328
2021-08-29,COINBASE:COMPUSD,418.89,453.2,405.64,420.1,55.9985,COINBASE:SUSHIUSD,11.603,12.196,11.0,11.522,1275.8481,COINBASE:LTCUSD,174.48,176.59,166.49,167.34,288.1479,COINBASE:ETCUSD,63.25,64.9,61.009,61.847,262.0669,COINBASE:DOGEUSD,0.2813,0.2903,0.27,0.272,331677.927,COINBASE:STORJUSD,1.5949,1.595,1.4528,1.4719,3382.7565,COINBASE:ADAUSD,2.8532,2.8867,2.7242,2.7368,103686.6747,COINBASE:BTCUSD,48802.58,48906.51,46866.0,46993.71,12.1269,COINBASE:ETHUSD,3226.45,3349.0,3145.45,3229.01,217.1456,COINBASE:SOLUSD,94.305,116.6,93.722,110.347,4768.5981,COINBASE:UNIUSD,26.8003,28.2294,25.5822,26.8283,923.807
2021-08-30,COINBASE:COMPUSD,420.11,448.19,411.3,442.32,51.5525,COINBASE:SUSHIUSD,11.533,12.312,11.15,12.054,1568.2738,COINBASE:LTCUSD,167.39,175.4,165.67,171.57,331.1864,COINBASE:ETCUSD,61.823,65.0,60.591,63.793,422.5214,COINBASE:DOGEUSD,0.2721,0.2861,0.27,0.2783,265641.1079,COINBASE:STORJUSD,1.4714,1.6155,1.419,1.4726,3105.9023,COINBASE:ADAUSD,2.7367,2.88,2.7021,2.7698,103707.7293,COINBASE:BTCUSD,46996.8,48259.68,46708.93,47112.5,12.9069,COINBASE:ETHUSD,3229.02,3486.8,3190.56,3430.23,319.713,COINBASE:SOLUSD,110.347,130.066,103.099,108.29,6545.8461,COINBASE:UNIUSD,26.8357,29.7353,26.1758,29.3959,2074.6407
2021-08-31,COINBASE:COMPUSD,441.97,484.99,433.59,477.42,56.7923,COINBASE:SUSHIUSD,12.047,13.95,11.69,13.845,2740.5068,COINBASE:LTCUSD,171.6,182.78,168.57,180.86,319.2424,COINBASE:ETCUSD,63.769,69.012,62.149,68.726,594.5643,COINBASE:DOGEUSD,0.2783,0.295,0.2731,0.2945,336698.7055,COINBASE:STORJUSD,1.4747,1.5277,1.4192,1.5274,2299.1954,COINBASE:ADAUSD,2.7697,2.9052,2.724,2.8707,92798.9652,COINBASE:BTCUSD,47110.33,49069.58,46537.62,48839.86,12.7833,COINBASE:ETHUSD,3430.0,3843.12,3384.24,3829.39,302.6264,COINBASE:SOLUSD,108.29,119.68,105.96,110.671,3431.3146,COINBASE:UNIUSD,29.3718,31.4172,28.7159,31.3669,1784.3983
2021-09-01,COINBASE:COMPUSD,477.58,483.22,456.86,462.16,34.5383,COINBASE:SUSHIUSD,13.853,13.939,12.923,13.106,1091.326,COINBASE:LTCUSD,180.86,188.0,179.41,183.39,323.6156,COINBASE:ETCUSD,68.732,70.198,66.474,67.586,555.4154,COINBASE:DOGEUSD,0.2944,0.31,0.2919,0.2948,532035.4642,COINBASE:STORJUSD,1.5276,1.5842,1.4847,1.5243,2283.8884,COINBASE:ADAUSD,2.8706,3.0994,2.8371,2.9635,174572.9944,COINBASE:BTCUSD,48834.27,50392.19,48620.73,49279.37,14.1075,COINBASE:ETHUSD,3829.29,3838.28,3722.65,3787.97,205.9331,COINBASE:SOLUSD,110.674,132.162,109.203,128.346,3308.7285,COINBASE:UNIUSD,31.3669,31.4269,29.519,29.9413,950.2468
2021-09-02,COINBASE:COMPUSD,462.39,480.59,455.53,467.14,27.6015,COINBASE:SUSHIUSD,13.116,13.564,12.762,13.09,995.6392,COINBASE:LTCUSD,183.46,218.0,179.87,213.28,869.5265,COINBASE:ETCUSD,67.6,72.427,66.037,70.04,571.2958,COINBASE:DOGEUSD,0.2948,0.305,0.2874,0.2963,372937.0451,COINBASE:STORJUSD,1.524,1.5828,1.4711,1.58,2966.8446,COINBASE:ADAUSD,2.9634,3.0333,2.9045,2.9677,108453.8022,COINBASE:BTCUSD,49279.38,51064.44,48349.66,50025.0,14.4851,COINBASE:ETHUSD,3788.2,4030.35,3710.59,3940.06,283.6465,COINBASE:SOLUSD,128.339,149.062,128.174,146.524,4569.0195,COINBASE:UNIUSD,29.9318,31.2077,28.3149,28.6593,1778.8257
2021-09-03,COINBASE:COMPUSD,467.06,482.98,462.29,471.15,19.3654,COINBASE:SUSHIUSD,13.091,13.32,12.828,13.112,698.4042,COINBASE:LTCUSD,213.29,225.25,208.5,212.12,562.2294,COINBASE:ETCUSD,70.064,71.319,67.999,68.86,398.1854,COINBASE:DOGEUSD,0.2963,0.3087,0.2933,0.2994,284150.5151,COINBASE:STORJUSD,1.5798,1.7893,1.5671,1.7322,8455.516,COINBASE:ADAUSD,2.968,2.968,2.8051,2.833,93979.8221,COINBASE:BTCUSD,50025.0,50558.75,49400.0,49942.98,7.539,COINBASE:ETHUSD,3940.06,3970.0,3834.57,3887.53,128.0909,COINBASE:SOLUSD,146.487,150.721,135.681,138.998,2566.6826,COINBASE:UNIUSD,28.6634,29.4779,28.25,28.5789,726.5439
2021-09-04,COINBASE:COMPUSD,471.56,525.31,467.94,511.13,47.5666,COINBASE:SUSHIUSD,13.116,14.289,12.985,14.283,1176.455,COINBASE:LTCUSD,212.17,232.64,210.57,232.3,493.8419,COINBASE:ETCUSD,68.865,73.985,68.172,73.565,474.525,COINBASE:DOGEUSD,0.2995,0.3159,0.2963,0.3147,350958.7357,COINBASE:STORJUSD,1.7333,1.9612,1.6939,1.7204,9915.7033,COINBASE:ADAUSD,2.8334,2.9594,2.8255,2.9135,75889.3236,COINBASE:BTCUSD,49944.89,51907.08,49500.0,51789.17,7.5513,COINBASE:ETHUSD,3887.58,3982.64,3835.7,3952.17,100.3397,COINBASE:SOLUSD,139.01,145.258,135.011,142.138,1841.4948,COINBASE:UNIUSD,28.5806,29.5096,28.3537,29.3694,536.4019
2021-09-05,COINBASE:COMPUSD,511.0,528.88,475.22,509.3,43.2422,COINBASE:SUSHIUSD,14.28,14.304,13.269,13.627,911.5836,COINBASE:LTCUSD,232.3,232.41,215.21,219.47,547.073,COINBASE:ETCUSD,73.565,77.37,71.207,73.516,625.4688,COINBASE:DOGEUSD,0.3148,0.3199,0.3002,0.3091,294044.2857,COINBASE:STORJUSD,1.7202,1.8253,1.5901,1.8128,4587.6485,COINBASE:ADAUSD,2.9135,2.9303,2.8031,2.8349,75224.1021,COINBASE:BTCUSD,51789.17,52802.03,51020.08,52698.81,9.5506,COINBASE:ETHUSD,3951.68,3973.27,3868.0,3928.89,111.4412,COINBASE:SOLUSD,142.137,166.206,137.512,164.316,3102.9993,COINBASE:UNIUSD,29.3684,30.3251,28.4045,28.8397,978.5524
2021-09-06,COINBASE:COMPUSD,509.24,510.86,359.41,413.33,79.0225,COINBASE:SUSHIUSD,13.63,13.817,9.5,10.907,2735.5492,COINBASE:LTCUSD,219.47,222.04,161.0,178.36,719.0886,COINBASE:ETCUSD,73.571,73.923,48.227,59.285,1168.658,COINBASE:DOGEUSD,0.3092,0.3115,0.21,0.2557,926770.8537,COINBASE:STORJUSD,1.8111,2.0467,1.2102,1.4376,15817.0591,COINBASE:ADAUSD,2.8346,2.8769,2.003,2.5238,309332.786,COINBASE:BTCUSD,52698.8,52944.96,42830.77,46894.5,28.5119,COINBASE:ETHUSD,3928.72,3948.0,3009.0,3436.96,472.8979,COINBASE:SOLUSD,164.377,200.0,134.242,173.4,9115.7133,COINBASE:UNIUSD,28.8434,29.3309,20.825,24.3113,2288.0327
2021-09-07,COINBASE:COMPUSD,414.02,427.97,380.0,409.84,53.7628,COINBASE:SUSHIUSD,10.93,11.64,10.081,11.348,2255.474,COINBASE:LTCUSD,178.54,189.0,169.31,179.7,646.9662,COINBASE:ETCUSD,59.465,61.474,53.331,58.707,768.1162,COINBASE:DOGEUSD,0.2556,0.2637,0.2334,0.2567,511862.9775,COINBASE:STORJUSD,1.4384,1.5599,1.2335,1.5368,7944.6325,COINBASE:ADAUSD,2.5242,2.58,2.2007,2.47,222138.6417,COINBASE:BTCUSD,46894.49,47381.47,44423.49,46060.36,19.3483,COINBASE:ETHUSD,3436.75,3562.98,3216.0,3500.34,348.2501,COINBASE:SOLUSD,173.4,198.0,146.69,191.03,6719.6761,COINBASE:UNIUSD,24.3397,24.9884,21.3671,23.1468,1679.0293
2021-09-08,COINBASE:COMPUSD,410.02,428.65,397.62,412.02,28.8201,COINBASE:SUSHIUSD,11.345,11.92,10.952,11.006,1424.4248,COINBASE:LTCUSD,179.8,188.85,176.55,180.42,473.385,COINBASE:ETCUSD,58.766,60.404,57.395,58.902,429.6715,COINBASE:DOGEUSD,0.2566,0.2597,0.2486,0.2527,267500.7995,COINBASE:STORJUSD,1.5354,1.584,1.4346,1.584,4050.0194,COINBASE:ADAUSD,2.4708,2.6229,2.3852,2.5182,171189.1351,COINBASE:BTCUSD,46059.94,47400.0,45511.82,46400.0,13.4587,COINBASE:ETHUSD,3499.54,3568.59,3393.17,3424.95,242.1107,COINBASE:SOLUSD,190.927,216.47,180.901,187.908,6509.6953,COINBASE:UNIUSD,23.1599,24.7243,22.7335,23.3079,1367.3832
2021-09-09,COINBASE:COMPUSD,411.52,426.71,382.73,391.77,19.3998,COINBASE:SUSHIUSD,11.004,11.408,9.8,10.134,1400.1487,COINBASE:LTCUSD,180.45,187.38,170.88,174.16,393.307,COINBASE:ETCUSD,58.914,60.373,54.971,56.307,314.9049,COINBASE:DOGEUSD,0.2527,0.262,0.2355,0.2398,286702.5649,COINBASE:STORJUSD,1.5838,1.5858,1.3633,1.4354,3047.3971,COINBASE:ADAUSD,2.5182,2.5862,2.277,2.3826,141890.2649,COINBASE:BTCUSD,46396.26,47040.76,44140.48,44851.45,14.3881,COINBASE:ETHUSD,3424.32,3514.37,3142.67,3209.82,266.5112,COINBASE:SOLUSD,187.907,197.489,167.808,179.51,3971.0827,COINBASE:UNIUSD,23.2851,24.2459,21.4297,22.3286,1318.3944
2021-09-10,COINBASE:COMPUSD,391.9,408.28,388.53,397.56,11.2052,COINBASE:SUSHIUSD,10.135,10.885,10.06,10.568,974.9618,COINBASE:LTCUSD,174.12,186.06,173.25,178.56,278.1978,COINBASE:ETCUSD,56.282,58.332,55.552,57.049,210.5707,COINBASE:DOGEUSD,0.2398,0.248,0.2377,0.2411,138011.8178,COINBASE:STORJUSD,1.4367,1.4375,1.3642,1.4301,1593.6881,COINBASE:ADAUSD,2.3829,2.799,2.3682,2.6364,191464.8929,COINBASE:BTCUSD,44850.37,45989.94,44730.29,45171.83,6.1959,COINBASE:ETHUSD,3209.29,3349.43,3199.88,3266.77,132.7854,COINBASE:SOLUSD,179.557,193.775,175.3,179.122,2634.6036,COINBASE:UNIUSD,22.2994,23.8947,22.2549,22.7273,569.2757
2021-09-11,COINBASE:COMPUSD,396.81,413.92,387.5,403.41,14.6319,COINBASE:SUSHIUSD,10.557,11.942,10.325,11.877,1841.645,COINBASE:LTCUSD,178.59,186.1,175.2,182.96,262.0505,COINBASE:ETCUSD,57.032,58.931,56.101,58.077,183.3023,COINBASE:DOGEUSD,0.2412,0.2554,0.2388,0.2502,183510.936,COINBASE:STORJUSD,1.4309,1.4748,1.3682,1.4674,1313.6486,COINBASE:ADAUSD,2.6384,2.79,2.5025,2.5806,159358.0055,COINBASE:BTCUSD,45173.66,46462.98,44754.31,46024.23,6.4729,COINBASE:ETHUSD,3266.97,3472.99,3231.75,3403.75,133.6063,COINBASE:SOLUSD,179.122,181.675,170.175,174.272,1619.1732,COINBASE:UNIUSD,22.7396,24.2587,22.16,23.7246,803.2832
2021-09-12,COINBASE:COMPUSD,403.11,407.19,360.53,385.09,21.9932,COINBASE:SUSHIUSD,11.877,12.061,10.092,11.083,2466.5107,COINBASE:LTCUSD,183.01,237.88,170.82,179.36,1476.4236,COINBASE:ETCUSD,58.05,58.339,53.554,55.729,393.9725,COINBASE:DOGEUSD,0.2502,0.2522,0.2284,0.236,332172.8082,COINBASE:STORJUSD,1.4699,1.5076,1.276,1.3593,2404.1093,COINBASE:ADAUSD,2.5812,2.5934,2.3111,2.4022,161252.7282,COINBASE:BTCUSD,46027.8,46900.0,43465.0,44947.72,14.6567,COINBASE:ETHUSD,3403.81,3430.0,3111.14,3286.2,212.9688,COINBASE:SOLUSD,174.288,175.153,150.331,169.797,4065.1258,COINBASE:UNIUSD,23.7234,24.0415,21.3987,22.66,987.6784
2021-09-13,COINBASE:COMPUSD,385.02,447.46,377.28,447.18,49.6781,COINBASE:SUSHIUSD,11.085,13.248,10.982,13.196,2518.5702,COINBASE:LTCUSD,179.4,188.88,176.21,183.09,396.9892,COINBASE:ETCUSD,55.735,57.279,55.129,57.1,216.9176,COINBASE:DOGEUSD,0.2359,0.2417,0.2338,0.2407,143234.4358,COINBASE:STORJUSD,1.3557,1.421,1.3246,1.4198,1971.6844,COINBASE:ADAUSD,2.4021,2.4394,2.3217,2.3987,90552.0645,COINBASE:BTCUSD,44953.23,47274.92,44711.53,47127.22,12.6024,COINBASE:ETHUSD,3285.66,3439.15,3270.74,3436.29,152.4159,COINBASE:SOLUSD,169.57,171.95,142.0,158.64,4232.077,COINBASE:UNIUSD,22.6597,25.9168,22.4866,25.6737,1021.3128
2021-09-14,COINBASE:COMPUSD,447.23,450.0,418.65,442.88,33.0407,COINBASE:SUSHIUSD,13.205,16.0,12.619,15.17,4036.1943,COINBASE:LTCUSD,183.13,191.86,179.59,189.24,308.1855,COINBASE:ETCUSD,57.096,59.336,56.268,59.215,177.8907,COINBASE:DOGEUSD,0.2406,0.2484,0.2391,0.2477,110237.4951,COINBASE:STORJUSD,1.4196,1.4899,1.3744,1.4813,2665.1739,COINBASE:ADAUSD,2.3985,2.5862,2.3583,2.5052,106472.7481,COINBASE:BTCUSD,47127.81,48475.0,46705.0,48148.12,12.0852,COINBASE:ETHUSD,3436.29,3621.15,3359.96,3615.65,157.0195,COINBASE:SOLUSD,158.64,166.386,153.75,158.433,2598.2574,COINBASE:UNIUSD,25.67,27.4783,24.7096,27.4731,1078.3606
2021-09-15,COINBASE:COMPUSD,442.76,459.22,412.39,422.02,32.5998,COINBASE:SUSHIUSD,15.162,16.164,14.319,14.91,4281.619,COINBASE:LTCUSD,189.26,195.49,181.53,185.33,414.6488,COINBASE:ETCUSD,59.215,60.041,56.802,57.945,212.5502,COINBASE:DOGEUSD,0.2478,0.248,0.2332,0.242,183875.7335,COINBASE:STORJUSD,1.4805,1.4805,1.3895,1.4254,2012.2944,COINBASE:ADAUSD,2.5053,2.5249,2.3821,2.4169,77314.6045,COINBASE:BTCUSD,48144.03,48499.99,47020.82,47753.16,11.6321,COINBASE:ETHUSD,3615.68,3675.92,3482.97,3568.66,190.7819,COINBASE:SOLUSD,158.478,162.95,147.254,152.043,2042.518,COINBASE:UNIUSD,27.4716,27.6164,25.3846,26.2444,1496.2916
2021-09-16,COINBASE:COMPUSD,422.02,428.53,392.64,400.33,23.6109,COINBASE:SUSHIUSD,14.934,15.247,12.291,12.519,5560.5424,COINBASE:LTCUSD,185.33,190.53,177.66,180.0,311.2259,COINBASE:ETCUSD,57.98,59.003,56.076,56.633,196.6419,COINBASE:DOGEUSD,0.2419,0.26,0.2375,0.2401,410083.7824,COINBASE:STORJUSD,1.4251,1.4255,1.355,1.3761,1748.4406,COINBASE:ADAUSD,2.4169,2.4418,2.3142,2.3509,64750.0329,COINBASE:BTCUSD,47753.15,48176.64,46752.67,47303.5,9.0683,COINBASE:ETHUSD,3568.77,3595.0,3350.06,3400.0,164.5007,COINBASE:SOLUSD,152.018,153.341,134.1,147.592,3742.6211,COINBASE:UNIUSD,26.2485,26.3955,23.99,24.2968,1283.2565
2021-09-17,COINBASE:COMPUSD,400.77,416.0,392.4,401.32,12.7361,COINBASE:SUSHIUSD,12.525,13.296,12.106,12.682,2852.907,COINBASE:LTCUSD,180.0,185.95,177.96,181.38,221.374,COINBASE:ETCUSD,56.686,58.367,55.727,57.184,141.9461,COINBASE:DOGEUSD,0.2402,0.2476,0.2381,0.2414,143138.0441,COINBASE:STORJUSD,1.3765,1.4301,1.35,1.3996,1501.5526,COINBASE:ADAUSD,2.3512,2.4395,2.3118,2.3706,52405.5174,COINBASE:BTCUSD,47306.87,48825.62,47050.0,48314.56,7.4856,COINBASE:ETHUSD,3400.0,3543.0,3369.53,3436.31,129.2038,COINBASE:SOLUSD,147.619,171.726,144.2,169.336,3945.5982,COINBASE:UNIUSD,24.3138,25.2015,23.942,24.5432,409.9257
2021-09-18,COINBASE:COMPUSD,401.4,402.59,386.0,394.65,10.1636,COINBASE:SUSHIUSD,12.689,12.72,11.781,12.206,1165.5296,COINBASE:LTCUSD,181.34,181.72,174.65,175.49,179.9979,COINBASE:ETCUSD,57.184,57.207,55.44,55.76,114.6981,COINBASE:DOGEUSD,0.2414,0.2415,0.2335,0.2358,93659.9226,COINBASE:STORJUSD,1.3984,1.4,1.3323,1.3473,1237.2207,COINBASE:ADAUSD,2.371,2.3969,2.2813,2.3051,37375.4354,COINBASE:BTCUSD,48309.86,48379.19,47100.0,47439.99,5.8704,COINBASE:ETHUSD,3436.59,3457.22,3303.18,3339.91,76.7964,COINBASE:SOLUSD,169.391,171.06,153.089,154.618,2108.8522,COINBASE:UNIUSD,24.544,24.6471,23.5108,23.969,305.7744
